metrik,jenis,n,rho,CI95_bootstrap,p_exact,rho_parsial_kontrol_tahun_waralaba,p_bonferroni,q_BH
likes_total,pasca-rilis,15,0.571,"[0.04, 0.86]",0.026,0.388,0.26,0.26
comments,pasca-rilis,14,0.352,"[-0.24, 0.76]",0.217,0.055,1.0,0.745
unique_commenters,pasca-rilis,14,0.31,"[-0.32, 0.75]",0.284,-0.048,1.0,0.745
views_total,pasca-rilis,15,0.286,"[-0.27, 0.74]",0.298,0.15,1.0,0.745
pos_indobert,sentimen,14,0.121,"[-0.43, 0.63]",0.684,-0.035,1.0,0.867
net_indobert,sentimen,14,0.09,"[-0.50, 0.63]",0.765,-0.144,1.0,0.867
pos_gabungan,sentimen,14,0.081,"[-0.50, 0.57]",0.786,-0.086,1.0,0.867
pos_leksikon_emoji,sentimen,14,0.077,"[-0.44, 0.57]",0.794,-0.109,1.0,0.867
net_gabungan,sentimen,14,0.059,"[-0.52, 0.63]",0.842,-0.197,1.0,0.867
net_leksikon_emoji,sentimen,14,0.051,"[-0.51, 0.58]",0.867,-0.154,1.0,0.867
trends_pra_rilis,pra-rilis,14,0.157,"[-0.51, 0.66]",,0.165,,
