film,simpul_balasan,sisi_balasan
Suzzanna: Malam Jumat Kliwon (2023),309,288
Suzzanna: Santet Dosa di Atas Dosa (2026),272,255
Indigo: What Do You See? (2023),135,120
Jurnal Risa by Risa Saraswati (2024),179,163
The Doll 3 (2022),165,129
Janur Ireng: Sewu Dino Prequel (2025/2026),136,107
Official Trailer IVANNA (2022) - MD Pictures,88,95
Badarawuhi di Desa Penari (2024),86,69
Suzzanna: Bernapas dalam Kubur (2018),105,72
Ipar Adalah Maut (2024),82,94
Santet Segoro Pitu (2024),120,98
Ivanna (2022),53,50
Danur: The Last Chapter (2026),98,94
Perewangan (2024),122,101
Catatan Harian Menantu Sinting (2024),71,49
Racun Sangga: Santet Pemisah Rumah Tangga (2024),75,61
Mata Batin (2017),49,35
Siccin 8,9,5
