film_a,film_b,komentator_bersama
Suzzanna: Malam Jumat Kliwon (2023),Suzzanna: Santet Dosa di Atas Dosa (2026),50
Janur Ireng: Sewu Dino Prequel (2025/2026),Suzzanna: Santet Dosa di Atas Dosa (2026),41
Danur: The Last Chapter (2026),Suzzanna: Santet Dosa di Atas Dosa (2026),34
Indigo: What Do You See? (2023),Suzzanna: Malam Jumat Kliwon (2023),30
Danur: The Last Chapter (2026),Janur Ireng: Sewu Dino Prequel (2025/2026),26
Janur Ireng: Sewu Dino Prequel (2025/2026),Suzzanna: Malam Jumat Kliwon (2023),25
Jurnal Risa by Risa Saraswati (2024),Suzzanna: Malam Jumat Kliwon (2023),18
Suzzanna: Bernapas dalam Kubur (2018),Suzzanna: Malam Jumat Kliwon (2023),18
Official Trailer IVANNA (2022) - MD Pictures,Suzzanna: Malam Jumat Kliwon (2023),17
Janur Ireng: Sewu Dino Prequel (2025/2026),Jurnal Risa by Risa Saraswati (2024),15
Jurnal Risa by Risa Saraswati (2024),Suzzanna: Santet Dosa di Atas Dosa (2026),13
Indigo: What Do You See? (2023),Suzzanna: Santet Dosa di Atas Dosa (2026),13
Indigo: What Do You See? (2023),Jurnal Risa by Risa Saraswati (2024),12
Danur: The Last Chapter (2026),Jurnal Risa by Risa Saraswati (2024),12
Suzzanna: Malam Jumat Kliwon (2023),The Doll 3 (2022),12
Santet Segoro Pitu (2024),Suzzanna: Malam Jumat Kliwon (2023),12
Ipar Adalah Maut (2024),Suzzanna: Malam Jumat Kliwon (2023),12
Ipar Adalah Maut (2024),Suzzanna: Santet Dosa di Atas Dosa (2026),12
Suzzanna: Santet Dosa di Atas Dosa (2026),The Doll 3 (2022),11
Indigo: What Do You See? (2023),The Doll 3 (2022),10
Santet Segoro Pitu (2024),Suzzanna: Santet Dosa di Atas Dosa (2026),10
Danur: The Last Chapter (2026),Suzzanna: Malam Jumat Kliwon (2023),10
Ivanna (2022),Official Trailer IVANNA (2022) - MD Pictures,10
Suzzanna: Bernapas dalam Kubur (2018),Suzzanna: Santet Dosa di Atas Dosa (2026),10
Racun Sangga: Santet Pemisah Rumah Tangga (2024),Suzzanna: Santet Dosa di Atas Dosa (2026),9
Perewangan (2024),Santet Segoro Pitu (2024),9
Janur Ireng: Sewu Dino Prequel (2025/2026),Official Trailer IVANNA (2022) - MD Pictures,9
Janur Ireng: Sewu Dino Prequel (2025/2026),Perewangan (2024),8
Danur: The Last Chapter (2026),Santet Segoro Pitu (2024),8
Badarawuhi di Desa Penari (2024),Suzzanna: Malam Jumat Kliwon (2023),8
Ivanna (2022),Suzzanna: Malam Jumat Kliwon (2023),8
Janur Ireng: Sewu Dino Prequel (2025/2026),Santet Segoro Pitu (2024),8
Perewangan (2024),Suzzanna: Malam Jumat Kliwon (2023),8
Janur Ireng: Sewu Dino Prequel (2025/2026),The Doll 3 (2022),7
Indigo: What Do You See? (2023),Santet Segoro Pitu (2024),7
Badarawuhi di Desa Penari (2024),Jurnal Risa by Risa Saraswati (2024),7
Jurnal Risa by Risa Saraswati (2024),Perewangan (2024),7
Perewangan (2024),Suzzanna: Santet Dosa di Atas Dosa (2026),7
Badarawuhi di Desa Penari (2024),Suzzanna: Santet Dosa di Atas Dosa (2026),6
Ivanna (2022),Jurnal Risa by Risa Saraswati (2024),6
Indigo: What Do You See? (2023),Ivanna (2022),6
Suzzanna: Bernapas dalam Kubur (2018),The Doll 3 (2022),6
Jurnal Risa by Risa Saraswati (2024),Official Trailer IVANNA (2022) - MD Pictures,6
Ipar Adalah Maut (2024),Janur Ireng: Sewu Dino Prequel (2025/2026),6
Official Trailer IVANNA (2022) - MD Pictures,Suzzanna: Santet Dosa di Atas Dosa (2026),6
Racun Sangga: Santet Pemisah Rumah Tangga (2024),Santet Segoro Pitu (2024),6
Official Trailer IVANNA (2022) - MD Pictures,The Doll 3 (2022),6
Indigo: What Do You See? (2023),Janur Ireng: Sewu Dino Prequel (2025/2026),6
Indigo: What Do You See? (2023),Official Trailer IVANNA (2022) - MD Pictures,6
Badarawuhi di Desa Penari (2024),Official Trailer IVANNA (2022) - MD Pictures,6
Danur: The Last Chapter (2026),Indigo: What Do You See? (2023),6
Mata Batin (2017),The Doll 3 (2022),6
Badarawuhi di Desa Penari (2024),Danur: The Last Chapter (2026),5
Janur Ireng: Sewu Dino Prequel (2025/2026),Racun Sangga: Santet Pemisah Rumah Tangga (2024),5
Danur: The Last Chapter (2026),Racun Sangga: Santet Pemisah Rumah Tangga (2024),5
Catatan Harian Menantu Sinting (2024),Suzzanna: Santet Dosa di Atas Dosa (2026),5
Catatan Harian Menantu Sinting (2024),Suzzanna: Malam Jumat Kliwon (2023),5
Danur: The Last Chapter (2026),Official Trailer IVANNA (2022) - MD Pictures,5
Official Trailer IVANNA (2022) - MD Pictures,Suzzanna: Bernapas dalam Kubur (2018),5
Santet Segoro Pitu (2024),The Doll 3 (2022),5
Indigo: What Do You See? (2023),Mata Batin (2017),5
Catatan Harian Menantu Sinting (2024),Jurnal Risa by Risa Saraswati (2024),5
Danur: The Last Chapter (2026),Suzzanna: Bernapas dalam Kubur (2018),5
Official Trailer IVANNA (2022) - MD Pictures,Santet Segoro Pitu (2024),4
Perewangan (2024),Racun Sangga: Santet Pemisah Rumah Tangga (2024),4
Racun Sangga: Santet Pemisah Rumah Tangga (2024),Suzzanna: Malam Jumat Kliwon (2023),4
Official Trailer IVANNA (2022) - MD Pictures,Racun Sangga: Santet Pemisah Rumah Tangga (2024),4
Catatan Harian Menantu Sinting (2024),Indigo: What Do You See? (2023),4
Badarawuhi di Desa Penari (2024),Suzzanna: Bernapas dalam Kubur (2018),4
Catatan Harian Menantu Sinting (2024),Official Trailer IVANNA (2022) - MD Pictures,4
Danur: The Last Chapter (2026),Perewangan (2024),4
Ipar Adalah Maut (2024),Official Trailer IVANNA (2022) - MD Pictures,4
Indigo: What Do You See? (2023),Racun Sangga: Santet Pemisah Rumah Tangga (2024),4
Danur: The Last Chapter (2026),Ipar Adalah Maut (2024),4
Indigo: What Do You See? (2023),Suzzanna: Bernapas dalam Kubur (2018),4
Indigo: What Do You See? (2023),Perewangan (2024),4
Badarawuhi di Desa Penari (2024),Indigo: What Do You See? (2023),3
Badarawuhi di Desa Penari (2024),Ivanna (2022),3
Ipar Adalah Maut (2024),Perewangan (2024),3
Badarawuhi di Desa Penari (2024),Janur Ireng: Sewu Dino Prequel (2025/2026),3
Jurnal Risa by Risa Saraswati (2024),The Doll 3 (2022),3
Badarawuhi di Desa Penari (2024),Santet Segoro Pitu (2024),3
Ivanna (2022),The Doll 3 (2022),3
Jurnal Risa by Risa Saraswati (2024),Racun Sangga: Santet Pemisah Rumah Tangga (2024),3
Ivanna (2022),Suzzanna: Bernapas dalam Kubur (2018),3
Perewangan (2024),Suzzanna: Bernapas dalam Kubur (2018),3
Catatan Harian Menantu Sinting (2024),Ipar Adalah Maut (2024),3
Badarawuhi di Desa Penari (2024),The Doll 3 (2022),3
Catatan Harian Menantu Sinting (2024),Janur Ireng: Sewu Dino Prequel (2025/2026),3
Santet Segoro Pitu (2024),Suzzanna: Bernapas dalam Kubur (2018),2
Catatan Harian Menantu Sinting (2024),Danur: The Last Chapter (2026),2
Danur: The Last Chapter (2026),Siccin 8,2
Danur: The Last Chapter (2026),Ivanna (2022),2
Catatan Harian Menantu Sinting (2024),The Doll 3 (2022),2
Danur: The Last Chapter (2026),The Doll 3 (2022),2
Jurnal Risa by Risa Saraswati (2024),Mata Batin (2017),2
Ivanna (2022),Santet Segoro Pitu (2024),2
Janur Ireng: Sewu Dino Prequel (2025/2026),Mata Batin (2017),2
Janur Ireng: Sewu Dino Prequel (2025/2026),Suzzanna: Bernapas dalam Kubur (2018),2
Jurnal Risa by Risa Saraswati (2024),Suzzanna: Bernapas dalam Kubur (2018),2
Ivanna (2022),Janur Ireng: Sewu Dino Prequel (2025/2026),2
Ipar Adalah Maut (2024),Jurnal Risa by Risa Saraswati (2024),2
Mata Batin (2017),Suzzanna: Bernapas dalam Kubur (2018),2
Perewangan (2024),The Doll 3 (2022),2
Official Trailer IVANNA (2022) - MD Pictures,Perewangan (2024),2
Racun Sangga: Santet Pemisah Rumah Tangga (2024),The Doll 3 (2022),2
Jurnal Risa by Risa Saraswati (2024),Santet Segoro Pitu (2024),2
Ivanna (2022),Suzzanna: Santet Dosa di Atas Dosa (2026),2
Badarawuhi di Desa Penari (2024),Catatan Harian Menantu Sinting (2024),1
Indigo: What Do You See? (2023),Ipar Adalah Maut (2024),1
Catatan Harian Menantu Sinting (2024),Mata Batin (2017),1
Badarawuhi di Desa Penari (2024),Racun Sangga: Santet Pemisah Rumah Tangga (2024),1
Badarawuhi di Desa Penari (2024),Mata Batin (2017),1
Badarawuhi di Desa Penari (2024),Perewangan (2024),1
Catatan Harian Menantu Sinting (2024),Santet Segoro Pitu (2024),1
Catatan Harian Menantu Sinting (2024),Racun Sangga: Santet Pemisah Rumah Tangga (2024),1
Catatan Harian Menantu Sinting (2024),Suzzanna: Bernapas dalam Kubur (2018),1
Danur: The Last Chapter (2026),Mata Batin (2017),1
Ipar Adalah Maut (2024),The Doll 3 (2022),1
Ipar Adalah Maut (2024),Santet Segoro Pitu (2024),1
Ipar Adalah Maut (2024),Suzzanna: Bernapas dalam Kubur (2018),1
Ipar Adalah Maut (2024),Racun Sangga: Santet Pemisah Rumah Tangga (2024),1
Ipar Adalah Maut (2024),Mata Batin (2017),1
Mata Batin (2017),Official Trailer IVANNA (2022) - MD Pictures,1
Ivanna (2022),Perewangan (2024),1
Janur Ireng: Sewu Dino Prequel (2025/2026),Siccin 8,1
Mata Batin (2017),Suzzanna: Malam Jumat Kliwon (2023),1
Mata Batin (2017),Santet Segoro Pitu (2024),1
Mata Batin (2017),Racun Sangga: Santet Pemisah Rumah Tangga (2024),1
Mata Batin (2017),Perewangan (2024),1
Mata Batin (2017),Suzzanna: Santet Dosa di Atas Dosa (2026),1
Racun Sangga: Santet Pemisah Rumah Tangga (2024),Siccin 8,1
Siccin 8,Suzzanna: Bernapas dalam Kubur (2018),1
Siccin 8,Suzzanna: Santet Dosa di Atas Dosa (2026),1
