film,komentator,sisi_balasan,densitas,komponen,komponen_terbesar_%,terisolasi_%
Suzzanna: Malam Jumat Kliwon (2023),1421,288,0.000285,1160,13.3,78.3
Suzzanna: Santet Dosa di Atas Dosa (2026),985,255,0.000526,750,19.6,72.4
Jurnal Risa by Risa Saraswati (2024),650,163,0.000773,496,15.7,72.5
Indigo: What Do You See? (2023),616,120,0.000634,503,10.2,78.1
The Doll 3 (2022),535,129,0.000903,414,6.2,69.2
Official Trailer IVANNA (2022) - MD Pictures,468,95,0.000869,382,17.9,81.2
Janur Ireng: Sewu Dino Prequel (2025/2026),442,107,0.001098,336,5.2,69.2
Suzzanna: Bernapas dalam Kubur (2018),438,72,0.000752,367,2.7,76.0
Badarawuhi di Desa Penari (2024),415,69,0.000803,348,5.8,79.3
Santet Segoro Pitu (2024),369,98,0.001443,275,13.6,67.5
Ipar Adalah Maut (2024),353,94,0.001513,274,22.1,76.8
Ivanna (2022),281,50,0.001271,234,13.2,81.1
Danur: The Last Chapter (2026),251,94,0.002996,164,27.5,61.0
Perewangan (2024),246,101,0.003352,147,13.0,50.4
Catatan Harian Menantu Sinting (2024),234,49,0.001797,187,4.7,69.7
Racun Sangga: Santet Pemisah Rumah Tangga (2024),168,61,0.004348,107,22.0,55.4
Mata Batin (2017),83,35,0.010285,48,18.1,41.0
Siccin 8,21,5,0.02381,16,14.3,57.1
