film,komentar_induk,dibalas_pct,rata_balasan,thread_terpanjang
Mata Batin (2017),57,35.1,0.58,7
Siccin 8,16,25.0,0.31,2
Danur: The Last Chapter (2026),222,20.7,0.33,5
Perewangan (2024),185,20.5,0.48,18
Racun Sangga: Santet Pemisah Rumah Tangga (2024),130,20.0,0.46,15
Suzzanna: Bernapas dalam Kubur (2018),409,14.9,0.18,4
The Doll 3 (2022),497,14.9,0.25,6
Catatan Harian Menantu Sinting (2024),203,13.8,0.21,8
Santet Segoro Pitu (2024),312,13.8,0.26,8
Janur Ireng: Sewu Dino Prequel (2025/2026),404,13.6,0.21,10
Suzzanna: Santet Dosa di Atas Dosa (2026),917,13.1,0.24,18
Jurnal Risa by Risa Saraswati (2024),597,12.9,0.23,9
Indigo: What Do You See? (2023),638,12.1,0.19,9
Ivanna (2022),272,10.7,0.17,5
Badarawuhi di Desa Penari (2024),400,10.5,0.16,4
Ipar Adalah Maut (2024),326,10.4,0.28,11
Suzzanna: Malam Jumat Kliwon (2023),1376,8.2,0.17,28
Official Trailer IVANNA (2022) - MD Pictures,400,2.0,0.2,52
