akun,balasan_diterima,film
user_bd6839856bfc,52,Official Trailer …
user_e6f7ec505c86,38,Danur: The Last C…; Ipar Adalah Maut; Janur Ireng: Sewu…; Perewangan; Suzzanna: Malam J…; Suzzanna: Santet …
user_c6ff7e74e44f,28,Suzzanna: Malam J…
user_d3c57408d206,20,Suzzanna: Santet …
user_4b7d675cdfe7,19,Ivanna
user_542249629584,19,Indigo: What Do Y…; Official Trailer …; Santet Segoro Pitu; Suzzanna: Malam J…
user_714ce3ae63f5,18,Official Trailer …
user_7df7bd5916c3,18,Perewangan
user_d618c596781b,17,Catatan Harian Me…; Danur: The Last C…; Indigo: What Do Y…; Janur Ireng: Sewu…; Jurnal Risa by Ri…; Mata Batin; Racun Sangga: San…; Suzzanna: Santet …; The Doll 3
user_731461325f99,17,Suzzanna: Malam J…; Suzzanna: Santet …
user_7246470f6590,16,Perewangan; Racun Sangga: San…; Santet Segoro Pitu
user_38407c0ab8cb,15,Perewangan
user_7dc1bc16fc9b,15,Suzzanna: Malam J…
user_17861810211f,12,Badarawuhi di Des…
user_b4de00ca67f7,11,Indigo: What Do Y…
user_fb198f11b424,11,Danur: The Last C…; Janur Ireng: Sewu…; Jurnal Risa by Ri…; Official Trailer …; Racun Sangga: San…
user_4b396e2c580d,11,Badarawuhi di Des…; Danur: The Last C…; Jurnal Risa by Ri…; Official Trailer …; Suzzanna: Malam J…; Suzzanna: Santet …
user_0dd7026df631,11,Ipar Adalah Maut
user_f84ac5a4dde8,11,Janur Ireng: Sewu…
user_014f386718d1,10,Suzzanna: Malam J…; Suzzanna: Santet …; The Doll 3
user_113a944c5df2,10,Jurnal Risa by Ri…; Suzzanna: Malam J…
user_ed6e4cf6b657,10,Danur: The Last C…; Suzzanna: Santet …
user_7717bab15162,9,Suzzanna: Santet …
user_468100d06aa7,9,Ipar Adalah Maut; Mata Batin
user_46d1be9f645c,8,Catatan Harian Me…
user_9b9c554b7e37,8,Suzzanna: Malam J…
user_7fd04027e02d,8,Santet Segoro Pitu
user_1f8cdf894e6d,8,Jurnal Risa by Ri…
user_6b0de0b92027,8,Suzzanna: Malam J…
user_b7543c42ef56,8,Indigo: What Do Y…
