kelompok,kata_teratas
film: Badarawuhi di Desa Penari (2024),"film(173), nonton(99), badarawuhi(83), kkn(78), desa(66), penari(55), lebih(41), cerita(41), horor(36), bagus(28), saya(27), mau(25)"
film: Catatan Harian Menantu Sinting (2024),"radit(98), bang(52), film(39), adegan(21), nonton(18), peran(12), ariel(12), main(11), tatum(11), mau(9), punya(9), papa(9)"
film: Danur: The Last Chapter (2026),"danur(123), film(80), lebaran(28), last(24), chapter(23), ivanna(20), bagus(17), risa(17), sampah(16), semoga(13), nonton(13), tayang(13)"
film: Indigo: What Do You See? (2023),"film(238), nonton(122), indigo(114), mata(93), batin(87), keren(78), hitmaker(63), horor(61), filmnya(53), bagus(52), aliando(52), amanda(51)"
film: Ipar Adalah Maut (2024),"film(92), nonton(62), aris(59), ipar(58), rani(41), adalah(37), suami(28), adik(28), maut(28), rumah(28), bikin(27), selingkuh(26)"
film: Ivanna (2022),"film(106), ivanna(59), nonton(58), danur(35), bagus(34), horor(23), lebih(22), lagu(22), bikin(19), setan(17), saya(16), filmnya(16)"
film: Janur Ireng: Sewu Dino Prequel (2025/2026),"film(93), sewu(67), dino(66), ireng(50), nonton(45), janur(43), bikin(37), kuncoro(34), jawa(29), tayang(29), kimo(29), bagus(26)"
film: Jurnal Risa by Risa Saraswati (2024),"film(129), nonton(127), risa(72), medium(50), keren(47), liat(36), jurnal(36), trailer(36), serem(34), teh(34), horor(31), bioskop(30)"
film: Mata Batin (2017),"inn(96), film(15), nonton(13), mata(11), batin(11), serem(8), kenapaa(6), filmnya(5), movie(4), kak(4), watch(4), what(4)"
film: Official Trailer IVANNA (2022) - MD Pictures,"film(218), nonton(124), keren(88), ivanna(82), bagus(59), kimo(58), horor(51), danur(46), filmnya(45), indonesia(39), sabar(33), bioskop(30)"
film: Perewangan (2024),"film(109), nonton(44), indonesia(32), horror(23), cerita(21), bagus(20), horor(19), tempat(19), filmnya(18), nessie(18), perewangan(17), lahir(16)"
film: Racun Sangga: Santet Pemisah Rumah Tangga (2024),"film(67), nonton(36), kalimantan(22), bagus(19), horor(16), soraya(16), keren(15), cerita(14), baru(13), tayang(12), racun(12), santet(11)"
film: Santet Segoro Pitu (2024),"film(101), nonton(60), keren(43), santet(39), bagus(29), sumala(22), horor(21), bioskop(21), hitmaker(18), trailer(17), emang(17), cerita(16)"
film: Siccin 8,"nonton(11), siccin(5), film(5), senayan(2), sabar(2), mau(2), udh(2), kaya(2), bang(2), tayang(2), hari(2), bioskop(2)"
film: Suzzanna: Bernapas dalam Kubur (2018),"film(144), luna(95), maya(70), nonton(59), mirip(49), suzzana(38), suzanna(37), bagus(34), suzzanna(31), filmnya(28), full(27), movie(22)"
film: Suzzanna: Malam Jumat Kliwon (2023),"film(348), nonton(277), luna(187), keren(176), maya(114), suzanna(106), sabar(103), bagus(97), wajib(85), serem(85), horor(80), lebih(80)"
film: Suzzanna: Santet Dosa di Atas Dosa (2026),"film(300), luna(154), nonton(116), maya(111), suzanna(108), mirip(94), keren(90), bagus(84), lebih(81), suzzana(81), reza(73), suzzanna(69)"
film: The Doll 3 (2022),"film(212), doll(107), chucky(102), boneka(69), nonton(49), indonesia(40), bikin(34), movie(31), bonekanya(30), mirip(28), beda(27), horror(27)"
komunitas 1,"film(343), nonton(256), luna(184), keren(162), maya(112), suzanna(102), sabar(99), bagus(86), wajib(80), lebih(77), horor(75), serem(75)"
komunitas 2,"film(283), luna(138), nonton(108), maya(99), mirip(95), suzanna(93), keren(80), bagus(78), lebih(76), suzzana(70), reza(66), suzzanna(56)"
komunitas 3,"nonton(126), film(122), risa(64), keren(47), medium(44), teh(35), horor(34), liat(33), bioskop(30), jurnal(30), serem(29), trailer(29)"
komunitas 4,"film(233), nonton(124), indigo(108), keren(85), mata(84), batin(78), horor(61), filmnya(54), semoga(54), bagus(52), aliando(51), hitmaker(50)"
komunitas 5,"film(218), chucky(99), doll(94), boneka(67), nonton(46), indonesia(38), bikin(32), movie(31), bonekanya(29), beda(28), horror(27), mirip(26)"
komunitas 6,"film(206), nonton(119), keren(86), ivanna(69), bagus(52), kimo(51), filmnya(45), horor(44), indonesia(36), sabar(35), danur(31), semoga(28)"
