jenis,item,frekuensi
emoji,♋,1378
emoji,😂,840
emoji,❤,756
emoji,😭,452
emoji,🤩,365
emoji,👍,349
emoji,😅,348
emoji,🔥,308
emoji,🎉,270
emoji,😢,224
emoji,😊,213
emoji,🤣,200
emoji,😮,180
emoji,🦄,167
emoji,😰,164
emoji,😍,150
emoji,😱,102
emoji,🥐,93
emoji,🙏,87
emoji,🏻,80
emoji,😁,68
emoji,👏,67
emoji,🥰,47
emoji,😜,40
emoji,🍍,35
tagar,#nospoiler,2
tagar,#30,2
tagar,#31,2
tagar,#semoga,1
tagar,#elni,1
tagar,#jadhug,1
tagar,#nerrorist,1
tagar,#effort,1
tagar,#imo,1
tagar,#quarantine,1
tagar,#hakcipta,1
tagar,#berkwalitas,1
tagar,#13,1
tagar,#12,1
tagar,#kepo,1
tagar,#silunabolehguenikahingasih,1
tagar,#empol,1
tagar,#habis,1
tagar,#lovesuzanna,1
tagar,#lovesuketi,1
tagar,#penikmat,1
tagar,#robbypurba,1
tagar,#seremparahpastinya,1
