source,target,relationship_type,weight,economic_transmission
A2,M1,star_anchor,0.95,"Indra Jegel mengunci loyalitas 11M penonton komunal podcaster & komika"
A3,M1,ensemble_core,0.92,"Boris Bokir melipatgandakan dinamika interaksi punchline kelas pekerja"
A2,M8,comedy_engine,0.85,"Duo komika bersama Vino mengamankan repeat viewers penonton komedi"
A1,M8,lead_star,0.90,"Vino G. Bastian menjadi jangkar emosional penonton keluarga di Kang Mak 2"
A1,M5,lead_prestige,0.95,"Vino mengulang formula air mata Dodo Rozak dengan garansi okupansi 6M tiket"
A5,M5,emotional_counterpart,0.88,"Mawar de Jongh memberikan resonansi drama emosional putri dewasa"
A10,M3,horror_anchor,0.94,"Tara Basro adalah wajah sentral semesta horor Joko Anwar yang tak tergantikan"
A4,M3,antagonist_catalyst,0.90,"Reza Rahadian memberikan kedalaman filosofis dan prestise kualitas seni peran"
A6,M4,action_horror_star,0.92,"Aghniny Haque menghidupkan kembali koreografi mistis penari silat Badarawuhi"
A5,M7,dark_drama_lead,0.86,"Mawar de Jongh memimpin perang trah keluarga santet Sewu Dino"
A7,M6,youth_heist_icon,0.92,"Iqbaal Ramadhan menarik massa Gen-Z urban dan komunitas bioskop mall tier-1"
A6,M6,action_anchor,0.88,"Aghniny menjamin adegan pertarungan koreografi aksi praktikal tanpa stunt ganda"
A8,M9,conflict_anchor,0.89,"Deva Mahenra menggaransi kemarahan emosional audiens ibu-ibu drama rumah tangga"
A9,M10,regional_grassroots,0.93,"Bayu Skak menggerakkan basis massa Jawa Timur dan bioskop luar Jakarta"
M1,R1,golden_timing,0.95,"Momen Lebaran melipatgandakan daya beli tiket rombongan keluarga 2.1x"
M4,R1,holiday_clash,0.90,"Horor Lebaran MD Pictures mengamankan minimal 400 layar bioskop hari pertama"
M2,R2,school_holiday,0.94,"Libur anak sekolah Juni-Juli menjamin okupansi harian stabil selama 4 pekan"
M6,R2,youth_vacation,0.88,"Target remaja SMA/kuliah saat libur semester mendongkrak penjualan ATS"
M3,R3,independence_run,0.89,"Rilis Agustus tradisi Pengabdi Setan mengulang rekor layar IMAX"
M5,R4,year_end_tearjerker,0.92,"Libur Natal & Tahun Baru adalah momen optimal bagi film drama keluarga haru"
M7,R4,holiday_chills,0.87,"Pilihan alternatif horor bagi penonton liburan akhir tahun"
M1,G1,revenue_driver,0.98,"Gross Rp 550M - Net Take Produser Rp 233M (ROI >400%)"
M2,G1,revenue_driver,0.95,"Gross Rp 470M - Net Take Produser Rp 199M (Valuasi IP Merchandise)"
M3,G1,revenue_driver,0.92,"Gross Rp 380M - Net Take Produser Rp 161M (Rilis Global & Shudder)"
M4,G1,revenue_driver,0.90,"Gross Rp 345M - Net Take Produser Rp 146M"
M5,G1,revenue_driver,0.88,"Gross Rp 288M - Net Take Produser Rp 122M"
M6,G1,revenue_driver,0.85,"Gross Rp 250M - Net Take Produser Rp 106M"
M7,G1,revenue_driver,0.82,"Gross Rp 230M - Net Take Produser Rp 97M"
M8,G1,revenue_driver,0.80,"Gross Rp 216M - Net Take Produser Rp 91M"
M9,G1,revenue_driver,0.78,"Gross Rp 201M - Net Take Produser Rp 85M"
M10,G1,revenue_driver,0.75,"Gross Rp 168M - Net Take Produser Rp 71M"
