akun,pagerank,film
user_659dd56debaf,0.010924,Perewangan; Racun Sangga: San…; Santet Segoro Pitu
user_283e24f1b695,0.009993,Official Trailer …
user_593542003874,0.009768,Suzzanna: Malam J…; Suzzanna: Santet …
user_d0b2667ee7b8,0.009751,Danur: The Last C…; Perewangan; Racun Sangga: San…; Santet Segoro Pitu; Suzzanna: Santet …
user_28eafeb0022f,0.008634,Danur: The Last C…; Ipar Adalah Maut; Janur Ireng: Sewu…; Perewangan; Suzzanna: Malam J…; Suzzanna: Santet …
user_bd464a50b598,0.008429,Suzzanna: Malam J…
user_20b04fe05c08,0.008411,Janur Ireng: Sewu…
user_a35d60eb4123,0.007439,Janur Ireng: Sewu…
user_eededafabb20,0.006626,Santet Segoro Pitu
user_ba07a51e7d8e,0.006489,Racun Sangga: San…; Santet Segoro Pitu; Suzzanna: Santet …
user_7045e6fec90a,0.006017,Suzzanna: Santet …
user_a79bbcbbf9fb,0.005889,Suzzanna: Malam J…
user_5786dbc04f58,0.005552,Indigo: What Do Y…; Jurnal Risa by Ri…; Suzzanna: Santet …
user_b6efc9634024,0.00503,Ipar Adalah Maut; Mata Batin
user_27fcd936e003,0.004526,Indigo: What Do Y…; Official Trailer …; Santet Segoro Pitu; Suzzanna: Malam J…
user_7fa08d6f577e,0.004442,Mata Batin
user_dc0726529164,0.004356,Badarawuhi di Des…; Official Trailer …; Suzzanna: Malam J…
user_55c44b09d7c8,0.003913,Ipar Adalah Maut
user_26607ecb451a,0.003864,Suzzanna: Malam J…
user_e2320d824d47,0.003864,Jurnal Risa by Ri…; Suzzanna: Malam J…
user_00ebe2e2bdac,0.003481,Ipar Adalah Maut
user_56a6899e83af,0.003356,Official Trailer …
user_b3cfaa7a557c,0.003321,Perewangan
user_2c21b5e9a9bc,0.003245,Danur: The Last C…; Suzzanna: Santet …
user_e8eedb497835,0.00321,Danur: The Last C…
user_39dcb9bc2c95,0.003037,Jurnal Risa by Ri…
user_f845d955dce7,0.002987,Ivanna
user_ef1e939642df,0.002916,Perewangan
user_60160c671cac,0.002814,The Doll 3
user_1d7d893e3aef,0.002745,Danur: The Last C…
