film,jendela,komentar,akun,balasan,niat_menonton_%
Badarawuhi di Desa Penari (2024),pasca-rilis,500,415,100,6.0
Catatan Harian Menantu Sinting (2024),pasca-rilis,257,234,54,3.5
Indigo: What Do You See? (2023),H-14..H-8,446,327,108,13.7
Indigo: What Do You See? (2023),pasca-rilis,347,298,47,6.1
Ipar Adalah Maut (2024),pasca-rilis,426,353,100,4.5
Ivanna (2022),pasca-rilis,372,280,100,3.8
Jurnal Risa by Risa Saraswati (2024),pasca-rilis,792,650,195,10.4
Perewangan (2024),< H-14,103,89,37,4.9
Perewangan (2024),pasca-rilis,196,164,77,2.0
Racun Sangga: Santet Pemisah Rumah Tangga (2024),pasca-rilis,198,168,68,3.0
Santet Segoro Pitu (2024),pasca-rilis,425,369,113,7.1
Suzzanna: Bernapas dalam Kubur (2018),pasca-rilis,500,438,91,2.6
Suzzanna: Malam Jumat Kliwon (2023),pasca-rilis,1728,1421,352,12.6
Suzzanna: Santet Dosa di Atas Dosa (2026),< H-14,750,636,166,6.1
Suzzanna: Santet Dosa di Atas Dosa (2026),H-14..H-8,105,97,21,2.9
Suzzanna: Santet Dosa di Atas Dosa (2026),pasca-rilis,360,277,111,5.0
The Doll 3 (2022),pasca-rilis,680,535,183,3.1
