rank,title,year,genre,director,production_house,release_window,ip_type,admissions,est_gross_box_office_idr,est_producer_net_ticket_idr
1,Agak Laen: Menyala Pantiku,2025,Komedi,Muhadkly Acho,Imajinari,reguler,original,11000866.0,522541135000.0,222079982375.0
2,Jumbo,2025,Animasi Fantasi Anak-anak,Ryan Adriandhy,Visinema Studios Springboard Anami Films,lebaran,original,10182536.0,483670460000.0,205559945500.0
3,KKN di Desa Penari,2022,Horor,Awi Suryadi,"MD Pictures, Pichouse Films",reguler,original,9233847.0,387821574000.0,164824168950.0
4,Agak Laen,2024,"Horor, komedi",Muhadkly Acho,"Imajinari, Jagartha",reguler,original,9125188.0,410633460000.0,174519220500.0
5,Pengabdi Setan 2: Communion,2022,Horor,Joko Anwar,"Rapi Films, Sky Media, Brown Entertainment, Legacy Pictures, Come and See Pictures",kemerdekaan,sequel_or_franchise,6391982.0,268463244000.0,114096878700.0
6,Miracle in Cell No. 7,2022,Drama,Hanung Bramantyo,Falcon Pictures,reguler,original,5851595.0,245766990000.0,104450970750.0
7,Vina: Sebelum 7 Hari,2024,Horor,Anggy Umbara,"Dee Company, Umbara Brothers Film",reguler,original,5815492.0,261697140000.0,111221284500.0
8,Sewu Dino,2023,Horor,Kimo Stamboel,MD Pictures,lebaran,original,4886406.0,219888270000.0,93452514750.0
9,Pabrik Gula,2025,Horor,Awi Suryadi,Pichouse Films MD Pictures,lebaran,original,4726760.0,224521100000.0,95421467500.0
10,Kang Mak from Pee Mak,2024,"Horor, komedi",Herwin Novianto,Falcon Pictures,kemerdekaan,original,4580209.0,206109405000.0,87596497125.0
11,Ipar adalah Maut,2024,Drama,Hanung Bramantyo,"MD Pictures, Dapur Film",libur_sekolah,original,4503799.0,202670955000.0,86135155875.0
12,Badarawuhi di Desa Penari,2024,"Horor, cerita seru",Kimo Stamboel,MD Pictures,lebaran,original,4013558.0,180610110000.0,76759296750.0
13,Siksa Kubur,2024,"Horor, cerita seru, psikologis",Joko Anwar,"Come and See Pictures, Rapi Films",lebaran,original,4000826.0,180037170000.0,76515797250.0
14,Danur: The Last Chapter,2026,Horor,Awi Suryadi,MD Pictures,lebaran,sequel_or_franchise,3619493.0,180974650000.0,76914226250.0
15,Bila Esok Ibu Tiada,2024,Drama,,Leo Pictures,reguler,original,3568518.0,160583310000.0,68247906750.0
16,Ghost in the Cell,2026,Horor,Joko Anwar,Come and See Pictures,lebaran,original,3376865.0,168843250000.0,71758381250.0
17,Jangan Buang Ibu,2026,Drama,Hadrah Daeng Ratu,Leo Pictures,libur_sekolah,original,3351616.0,167580800000.0,71221840000.0
18,Di Ambang Kematian,2023,Horor,Azhar Kinoi Lubis,MVP Pictures,reguler,original,3242244.0,145900980000.0,62007916500.0
19,Petaka Gunung Gede,2025,Horor,Azhar Kinoi Lubis,Starvision Legacy Pictures,reguler,original,3236225.0,153720687500.0,65331292187.5
20,Milea: Suara dari Dilan,2020,Drama,"Fajar Bustomi, Pidi Baiq",Max Pictures,reguler,sequel_or_franchise,3155933.0,119925454000.0,50968317950.0
21,Air Mata di Ujung Sajadah,2023,Drama,Key Mangunsong,"Beehave Pictures, MBK Productions",reguler,original,3127671.0,140745195000.0,59816707875.0
22,Sore: Istri Dari Masa Depan,2025,Drama,Yandy Laurens,Cerita Films,libur_sekolah,original,3082079.0,146398752500.0,62219469812.5
23,172 Days,2023,Drama,Hadrah Daeng Ratu,Starvision Plus,reguler,sequel_or_franchise,3015020.0,135675900000.0,57662257500.0
24,Tunggu Aku Sukses Nanti,2026,Drama,Naya Anindita,Rapi Films,lebaran,original,3005776.0,150288800000.0,63872740000.0
25,Komang,2025,Drama Percintaan,Naya Anindita,Starvision,lebaran,original,2996041.0,142311947500.0,60482577687.5
26,Ngeri-Ngeri Sedap,2022,"Drama, Komedi",Bene Dion Rajagukguk,"Imajinari, Visionari Film Fund",libur_sekolah,original,2886121.0,121217082000.0,51517259850.0
27,Jalan Pulang,2025,Horor,Jeropoint,Legacy Pictures Leo Pictures,libur_sekolah,original,2808689.0,133412727500.0,56700409187.5
28,Ivanna,2022,Horor,Kimo Stamboel,"MD Pictures, Pichouse Films",libur_sekolah,original,2793775.0,117338550000.0,49868883750.0
29,Kang Solah from Kang Mak x Nenek Gayung,2025,Horor Komedi,Herwin Novianto,,reguler,original,2507452.0,119103970000.0,50619187250.0
30,Alas Roban,2026,Horor,Hadrah Daeng Ratu,Unlimited Production,reguler,original,2432967.0,121648350000.0,51700548750.0
31,Sekawan Limo,2024,"Horor, komedi",Bayu Skak,"Starvision, Skak Studios",libur_sekolah,original,2430228.0,109360260000.0,46478110500.0
32,Sayap-Sayap Patah,2022,"Drama, Laga",Rudi Soedjarwo,"Maxima Pictures, Denny Siregar Production",kemerdekaan,original,2426084.0,101895528000.0,43305599400.0
33,Petualangan Sherina 2,2023,"Laga, petualangan",Riri Riza,"Miles Films, BASE Entertainment",reguler,sequel_or_franchise,2413933.0,108626985000.0,46166468625.0
34,Waktu Maghrib,2023,Horor,Sidharta Tata,"Rapi Films, Sky Media",reguler,original,2409112.0,108410040000.0,46074267000.0
35,Siksa Neraka,2023,Horor,Anggy Umbara,Dee Company,libur_akhir_tahun,original,2354700.0,105961500000.0,45033637500.0
36,Mencuri Raden Saleh,2022,"Drama, Aksi, Perampokan",Angga Dwimas Sasongko,"Visinema Pictures, Jagartha, Blibli, Astro Shaw",kemerdekaan,original,2350741.0,98731122000.0,41960726850.0
37,Nanti Kita Cerita tentang Hari Ini,2020,Drama,Angga Dwimas Sasongko,"Visinema Pictures, IDN Media, Blibli.com, XRM Media",reguler,adaptation,2256876.0,85761288000.0,36448547400.0
38,Kukira Kau Rumah,2022,"Drama, Psikologi",Umay Shahab,"MD Pictures, Sinemaku Pictures",reguler,original,2219265.0,93209130000.0,39613880250.0
39,Qodrat 2,2025,Horor Religi,Charles Gozali,Magma Entertainment Rapi Films Legacy Pictures Astro Shaw,lebaran,sequel_or_franchise,2214441.0,105185947500.0,44704027687.5
40,Sekawan Limo 2: Gunung Klawih,2026,Komedi,Bayu Skak,"Starvision, Skak Studios, Legacy Pictures",reguler,sequel_or_franchise,2125006.0,106250300000.0,45156377500.0
41,Suzzanna: Malam Jumat Kliwon,2023,Horor,Guntur Soeharjanto,Soraya Intercine Films,kemerdekaan,sequel_or_franchise,2082569.0,93715605000.0,39829132125.0
42,Pengepungan di Bukit Duri,2025,Laga Triler Komedi gelap,Joko Anwar,Amazon MGM Studios Come and See Pictures,lebaran,original,1890814.0,89813665000.0,38170807625.0
43,Sijjin,2023,Horor,Hadrah Daeng Ratu,"Rapi Films, Sky Media, Legacy Pictures",reguler,original,1854228.0,83440260000.0,35462110500.0
44,The Doll 3,2022,Horor,Rocky Soraya,Hitmaker Studios,reguler,sequel_or_franchise,1764077.0,74091234000.0,31488774450.0
45,Makmum 2,2021,Horor,Guntur Soeharjanto,"Blue Water Films, Dee Company",libur_akhir_tahun,sequel_or_franchise,1756676.0,70267040000.0,29863492000.0
46,Qodrat,2022,Horor,Charles Gozali,"Magma Entertainment, Rapi Films, Ideosource Entertainment, Astro Shaw, Caravan Studio, Dunia Mencekam Productions",reguler,original,1751233.0,73551786000.0,31259509050.0
47,"Ayah, Ini Arahnya ke Mana, Ya?",2026,Drama,Kuntz Agus,Five Elements Pictures,lebaran,original,1667159.0,83357950000.0,35427128750.0
48,2nd Miracle in Cell No. 7,2024,,,,libur_akhir_tahun,sequel_or_franchise,1665332.0,74939940000.0,31849474500.0
49,Tumbal Proyek,2026,Horor,Jeropoint,Dee Company,reguler,original,1655590.0,82779500000.0,35181287500.0
50,Kisah Tanah Jawa: Pocong Gundul,2023,Horor,Awi Suryadi,MD Pictures,reguler,adaptation,1652862.0,74378790000.0,31610985750.0
