rank,actor_name,gender,total_admissions_2020_2026,film_count,avg_admissions,biggest_hit,credibility_tier,primary_genre,notable_films
1,Indra Jegel,Aktor,26500000,5,5300000,Agak Laen 2 (11.00M),AAA,Komedi / Drama,"Agak Laen 1 & 2, Miracle in Cell No. 7, Kang Mak from Pee Mak"
2,Tissa Biani,Aktris,21500000,7,3071428,Agak Laen 2 (11.00M),AAA,Horor / Komedi,"Agak Laen 2, KKN di Desa Penari, Makmum 2, Norma: Antara Mertua"
3,Bene Dion,Aktor,20125000,2,10062500,Agak Laen 2 (11.00M),AAA,Komedi,"Agak Laen, Agak Laen: Menyala Pantiku"
4,Oki Rengga,Aktor,20125000,2,10062500,Agak Laen 2 (11.00M),AAA,Komedi,"Agak Laen, Agak Laen: Menyala Pantiku"
5,Boris Bokir,Aktor,20125000,2,10062500,Agak Laen 2 (11.00M),AAA,Komedi,"Agak Laen, Agak Laen: Menyala Pantiku"
6,Aghniny Haque,Aktris,17200000,11,1563636,KKN di Desa Penari (9.23M),AAA,Horor / Aksi,"KKN di Desa Penari, Mencuri Raden Saleh, Qorin, Pemukiman Setan"
7,Graciella Abigail,Aktris,16800000,4,4200000,Jumbo (10.18M),AAA,Keluarga / Drama,"Jumbo, Miracle in Cell No. 7, Layangan Putus The Movie"
8,Tora Sudiro,Aktor,16500000,10,1650000,Miracle in Cell No. 7 (5.85M),AAA,Komedi / Horor,"Miracle in Cell No. 7, Kang Mak from Pee Mak, Ghost in the Cell, Hello Ghost"
9,Vino G. Bastian,Aktor,15200000,10,1520000,Miracle in Cell No. 7 (5.85M),AAA,Drama / Komedi / Horor,"Miracle in Cell No. 7, Kang Mak from Pee Mak, Buya Hamka, Qodrat, Gampang Cuan"
10,Aulia Sarah,Aktris,14200000,6,2366666,KKN di Desa Penari (9.23M),AAA,Horor Supranatural,"KKN di Desa Penari, Badarawuhi di Desa Penari, Sengkolo: Malam Satu Suro"
11,Angga Yunanda,Aktor,13800000,8,1725000,Jumbo (10.18M),AAA,Drama / Aksi / Keluarga,"Jumbo, Mencuri Raden Saleh, Dua Hati Biru, Catatan Si Boy, Budi Pekerti"
12,Rio Dewanto,Aktor,13200000,9,1466666,Sewu Dino (4.88M),AAA,Horor / Drama / Aksi,"Sewu Dino, NKCTHI, Jalan yang Jauh Jangan Lupa Pulang, 13 Bom di Jakarta"
13,Fajar Nugra,Aktor,13100000,9,1455555,KKN di Desa Penari (9.23M),AAA,Komedi / Horor,"KKN di Desa Penari, Srimulat, Pamali, Kaka Boss"
14,Achmad Megantara,Aktor,12900000,6,2150000,KKN di Desa Penari (9.23M),AAA,Horor / Romansa,"KKN di Desa Penari, Suzzanna: Malam Jumat Kliwon"
15,Bryan Domani,Aktor,12500000,8,1562500,Miracle in Cell No. 7 (5.85M),AAA,Drama / Romansa,"Miracle in Cell No. 7, 172 Days, Ketika Berhenti di Sini, Temurun"
16,Rigen Rakelna,Aktor,12200000,5,2440000,Miracle in Cell No. 7 (5.85M),AAA,Komedi,"Miracle in Cell No. 7, Kang Mak from Pee Mak, Agak Laen"
17,Adinda Thomas,Aktris,11500000,8,1437500,KKN di Desa Penari (9.23M),AAA,Horor / Petualangan,"KKN di Desa Penari, Petualangan Anak Penangkap Hantu, Siksa Neraka"
18,Gisellma Firmansyah,Aktris,11400000,4,2850000,Vina: Sebelum 7 Hari (5.81M),AAA,Horor,"Vina: Sebelum 7 Hari, Sewu Dino, Jin & Jun"
19,Indro Warkop,Aktor,11200000,6,1866666,Miracle in Cell No. 7 (5.85M),AAA,Komedi Legend,"Miracle in Cell No. 7, Kang Mak from Pee Mak, Yang Patah Tumbuh"
20,Cinta Laura Kiehl,Aktris,10800000,3,3600000,Jumbo (10.18M),AAA,Animasi / Horor,"Jumbo, Jeritan Malam"
21,Bunga Citra Lestari,Aktris,10700000,2,5350000,Jumbo (10.18M),AAA,Keluarga / Komedi,"Jumbo, Pasutri Gaje"
22,Calvin Jeremy,Aktor,10300000,4,2575000,KKN di Desa Penari (9.23M),AA,Horor / Drama,"KKN di Desa Penari, LDR"
23,Reza Rahadian,Aktor,10100000,14,721428,Siksa Kubur (4.00M),AAA,Drama / Horor Prestisius,"Siksa Kubur, Pasutri Gaje, 24 Jam Bersama Gaspar, Berbalas Kejam"
24,Prilly Latuconsina,Aktris,9900000,9,1100000,Danur: The Last Chapter (3.61M),AAA,Horor / Drama Romantis,"Danur, Kukira Kau Rumah, Ketika Berhenti di Sini, Bolehkah Sekali Saja Kumenangis"
25,Karina Suwandi,Aktris,8900000,8,1112500,Sewu Dino (4.88M),AA,Horor,"Sewu Dino, Kuntilanak 3, Puisi Cinta yang Membunuh"
26,Nayla Purnama,Aktris,8700000,4,2175000,Vina: Sebelum 7 Hari (5.81M),AA,Horor,"Vina: Sebelum 7 Hari, Siksa Neraka, Kisah Tanah Jawa"
27,Ratu Felisha,Aktris,8400000,5,1680000,Pengabdi Setan 2: Communion (6.39M),AA,Horor Misteri,"Pengabdi Setan 2, Malam Pencabut Nyawa, Seperti Dendam Rindu Harus Dibayar Tuntas"
28,Michelle Ziudith,Aktris,7900000,8,987500,Ipar adalah Maut (4.50M),AA,Drama Romantis / Religi,"Ipar adalah Maut, Garis Waktu, Mekah I'm Coming, Puang Bos"
29,Deva Mahenra,Aktor,7800000,7,1114285,Ipar adalah Maut (4.50M),AA,Drama / Horor,"Ipar adalah Maut, Kisah Tanah Jawa: Pocong Gundul, Until Tomorrow"
30,Taskya Namya,Aktris,7600000,6,1266666,Di Ambang Kematian (3.24M),AA,Horor,"Di Ambang Kematian, Waktu Maghrib, Suzzanna: Malam Jumat Kliwon, Lembayung"
31,Nadya Arina,Aktris,7300000,7,1042857,Sekawan Limo (2.43M),AA,Komedi / Drama,"Sekawan Limo, Hati Suhita, Nona"
32,Jourdy Pranata,Aktor,7200000,7,1028571,Badarawuhi di Desa Penari (4.01M),AA,Horor / Drama,"Badarawuhi di Desa Penari, Kukira Kau Rumah, Pengabdi Setan 2"
33,Ayu Laksmi,Aktris,7000000,4,1750000,Pengabdi Setan 2: Communion (6.39M),AA,Horor Ikonik,"Pengabdi Setan 2, Perjanjian Gaib"
34,Endy Arfian,Aktor,6900000,5,1380000,Pengabdi Setan 2: Communion (6.39M),AA,Horor,"Pengabdi Setan 2, Petaka Gunung Gede, Dosen Ghaib"
35,Yasmin Napper,Aktris,6800000,4,1700000,Bila Esok Ibu Tiada (3.56M),AA,Drama / Religi,"Bila Esok Ibu Tiada, 172 Days, Satria Dewa: Gatotkaca"
36,Tara Basro,Aktris,6600000,3,2200000,Pengabdi Setan 2: Communion (6.39M),AA,Horor,"Pengabdi Setan 2, Perempuan Tanah Jahanam"
37,Mawar de Jongh,Aktris,6500000,6,1083333,Miracle in Cell No. 7 (5.85M),AA,Drama / Horor,"Miracle in Cell No. 7, Para Betina Pengikut Iblis, Puisi Cinta yang Membunuh"
38,Iqbaal Ramadhan,Aktor,6500000,4,1625000,Milea: Suara dari Dilan (3.15M),AA,Romansa Remaja / Aksi,"Milea: Suara dari Dilan, Mencuri Raden Saleh, Ali & Ratu Ratu Queens"
39,Arbani Yasiz,Aktor,6400000,5,1280000,Pabrik Gula (4.72M),AA,Horor / Romansa,"Pabrik Gula, Ancika: Dia yang Bersama Dilan 1995, Rompis"
40,Erika Carlina,Aktris,6200000,5,1240000,Pabrik Gula (4.72M),AA,Horor / Drama,"Pabrik Gula, Sosok Ketiga, Tulah 6/13"
41,Maudy Effrosina,Aktris,6100000,4,1525000,Badarawuhi di Desa Penari (4.01M),AA,Horor,"Badarawuhi di Desa Penari, Pemukiman Setan, Qodrat"
42,Marsha Timothy,Aktris,5800000,6,966666,Kang Mak from Pee Mak (4.58M),AA,Komedi / Drama,"Kang Mak from Pee Mak, Noktah Merah Perkawinan, The Big 4"
43,Amanda Manopo,Aktris,5600000,4,1400000,Bila Esok Ibu Tiada (3.56M),AA,Drama / Horor,"Bila Esok Ibu Tiada, Kupu-Kupu Kertas, Indigo"
44,Mikha Tambayong,Aktris,5500000,5,1100000,Sewu Dino (4.88M),AA,Horor / Drama,"Sewu Dino, Bismillah Cinta, Teluh Darah"
45,Davina Karamoy,Aktris,5400000,4,1350000,Ipar adalah Maut (4.50M),AA,Drama / Horor,"Ipar adalah Maut, Ratu Dansa, Jin & Jun"
46,Refal Hady,Aktor,5300000,5,1060000,Jangan Buang Ibu (3.35M),AA,Drama / Romansa,"Jangan Buang Ibu, Ketika Berhenti di Sini, Perempuan Bergaun Merah"
47,Nirina Zubir,Aktris,5100000,6,850000,Jangan Buang Ibu (3.35M),AA,Drama / Komedi,"Jangan Buang Ibu, Jatuh Cinta Seperti di Film-film, Keluarga Cemara 2"
48,Bayu Skak,Aktor,4900000,4,1225000,Sekawan Limo (2.43M),AA,Komedi Daerah,"Sekawan Limo, Yowis Ben 3, Lara Ati"
49,Christine Hakim,Aktris,4850000,5,970000,Bila Esok Ibu Tiada (3.56M),AA,Drama Legend,"Bila Esok Ibu Tiada, Sri Asih, Just Mom"
50,Keisha Alvaro,Aktor,4200000,4,1050000,Siksa Neraka (2.61M),A,Horor Remaja,"Siksa Neraka, Tumbal Kanjeng Iblis, Komedi Kacau"
