id,investor_name,investor_type,key_portfolio_films,typical_ticket_size,investment_thesis
1,MD Pictures (PT MD Pictures Tbk - FILM),Studio Publik & Konglomerasi,"KKN di Desa Penari, Sewu Dino, Badarawuhi, Ipar adalah Maut, Pabrik Gula",Rp 10M - Rp 35M per proyek,"Maksimalisasi Return on Investment (ROI) theatrical box office, penguasaan IP franchise jangka panjang, dan monetisasi multi-windowing (Bioskop -> OTT -> FTA TV)."
2,Falcon Pictures,Studio Mayor Independen,"Miracle in Cell No. 7, Kang Mak, Dilan Series, Pasutri Gaje, Buya Hamka",Rp 8M - Rp 25M per proyek,"Akuisisi IP remake box office global dan IP lokal teruji, pembangunan ekosistem komedi-keluarga berpenonton masif untuk mengamankan okupansi bioskop nasional."
3,Visinema Pictures,Studio & Media Tech Venture,"Nanti Kita Cerita Tentang Hari Ini, Mencuri Raden Saleh, Jumbo, 13 Bom di Jakarta",Rp 5M - Rp 25M per proyek,"Pengembangan Intellectual Property (IP) cross-platform (Animasi, Game, Merchandise) dengan nilai valuasi tinggi serta inovasi genre baru berstandar sinematik global."
4,Starvision Plus (PT Kharisma Starvision Plus),Studio Mayor Terpadu,"Sekawan Limo, 172 Days, Komang, Dua Hati Biru, Yowis Ben Series",Rp 5M - Rp 18M per proyek,"Konsistensi cash flow bioskop melalui diversifikasi genre reguler (Horor, Komedi daerah, Drama religi) dan efisiensi bujet produksi dengan turnaround cepat."
5,Rapi Films,Studio Spesialis Genre,"Pengabdi Setan 1 & 2, Siksa Kubur, Waktu Maghrib, Sijjin, Kemah Terlarang",Rp 6M - Rp 20M per proyek,"Monetisasi pasar penonton horor loyal Indonesia dan ekspor hak lisensi internasional ke platform genre global (Shudder, bioskop regional ASEAN)."
6,Imajinari (PT Imaji Kreasi Nusantara),Studio Kreator Komedi & Drama,"Ngeri-Ngeri Sedap, Jatuh Cinta Seperti di Film-film, Agak Laen 1 & 2, Kaka Boss",Rp 4M - Rp 12M per proyek,"Pemberdayaan kepemilikan IP oleh kreator, penciptaan karya orisinal berdaya resonansi emosional tinggi dengan rasio efisiensi bujet berbanding profit tertinggi di industri."
7,Screenplay Films (Bumilangit & Vidio Group),Studio Terafiliasi Konglomerasi,"Gundala, Sri Asih, The Big 4, Pertaruhan Series",Rp 10M - Rp 30M per proyek,"Membangun ekosistem Jagat Sinema Bumilangit (BCU) untuk mengunci hak tayang eksklusif jangka panjang di platform SVOD Vidio dan bioskop."
8,Soraya Intercine Films,Studio Waralaba Legendaris,"Suzzanna: Bernapas dalam Kubur, Suzzanna: Malam Jumat Kliwon, Tenggelamnya Kapal Van der Wijck",Rp 15M - Rp 30M per proyek,"Eksploitasi IP horor klasik legendaris bernilai nostalgia tinggi dengan standar produksi mewah berskala megah untuk mengamankan dominasi layar bioskop."
9,Hitmaker Studios,Studio Horor Komersial,"The Doll 1-3, Sabrina, Panggonan Wingit, Indigo, Sumala",Rp 8M - Rp 20M per proyek,"Mempertahankan margin profit tinggi melalui horor formulaik komersial dengan efek animatronik/gore mewah yang terbukti menyerap jutaan penonton bioskop daerah."
10,Dee Company (PT Dee Corpora Tbk),Studio Horor & True Crime Publik,"Vina: Sebelum 7 Hari, Siksa Neraka, Makmum 1 & 2, Dosen Ghaib",Rp 6M - Rp 18M per proyek,"Kapitalisasi fenomena viral media sosial dan topik perbincangan hukum/mistis kontroversial yang menjamin ledakan rasa penasaran penonton di hari pertama penayangan."
11,MNC Pictures (PT MNC Studios International Tbk),Konglomerasi Media FTA TV,"Ranah 3 Warna, Teman Tidur, Me vs High Heels, Si Doel The Movie",Rp 4M - Rp 15M per proyek,"Sinergi ekosistem penyiaran televisi nasional (RCTI, MNCTV, GTV) dan monetisasi tayangan sekunder di platform RCTI+ dan Vision+."
12,IDN Pictures (IDN Media),Studio Generasi Milenial & Gen Z,"Srimulat: Hil yang Mustahal, Inang, Balada Si Roy, Pasar Setan",Rp 5M - Rp 15M per proyek,"Sinergi dengan ekosistem media digital terintegrasi (IDN App, IDN Times) untuk menjangkau audiens muda urban dan memperkuat portofolio hiburan grup."
13,MVP Pictures (PT Multivision Plus Tbk - HERO),Studio Pelopor Hiburan Publik,"Di Ambang Kematian, Kereta Berdarah, Jin & Jun, Sengkolo",Rp 4M - Rp 14M per proyek,"Memaksimalkan perputaran modal dari jaringan bioskop mandiri (Platinum Cineplex) dan penetrasi distribusi hak siar televisi di pasar internasional/Asia Selatan."
14,Sinemaku Pictures,Studio Muda Kreatif,"Kukira Kau Rumah, Ketika Berhenti di Sini, Bolehkah Sekali Saja Kumenangis, Temurun",Rp 4M - Rp 10M per proyek,"Menargetkan demografi penonton Gen Z dan isu kesehatan mental/romansa emosional melalui kekuatan personal branding kreator muda dengan basis digital jutaan pengikut."
15,Leo Pictures,Studio Ekspansi Cepat,"Bila Esok Ibu Tiada, Jangan Buang Ibu, Sosok Ketiga, Thaghut",Rp 5M - Rp 12M per proyek,"Memanfaatkan tren drama air mata keluarga dan horor viral untuk merebut pangsa pasar bioskop tier-2 dan tier-3 dengan kontrol biaya ketat."
16,Netflix Indonesia,Platform SVOD Global,"The Big 4, Gadis Kretek, Kabut Berduri, Nightmares and Daydreams, Monster",Rp 15M - Rp 45M (Licensing/Original),"Mendorong akuisisi pelanggan berbayar baru di Indonesia dan Asia Tenggara serta memposisikan konten Indonesia di jajaran Top 10 Global Non-English."
17,Amazon Prime Video Indonesia,Platform SVOD Global,"Berbalas Kejam, Indera Ke-Enam, Ratu Adil, Badarawuhi SVOD Window",Rp 10M - Rp 35M (Licensing/Co-pro),"Memperluas penetrasi pasar langganan streaming lokal dengan mengakuisisi film box office teratas pasca-bioskop dan membiayai orisinal prestisius."
18,Vidio (PT Vidio Dot Com - Emtek),"Platform OTT Nasional No. 1","Pertaruhan The Series, Open BO, Suami-Suami Masa Kini, Santet Segoro Pitu",Rp 3M - Rp 12M per season/film,"Mempertahankan posisi dominan platform streaming lokal dengan konten lokal relevan dan mempertahankan retensi subscriber paket berbayar bulanan."
19,Disney+ Hotstar Indonesia,Platform SVOD Global,"KKN di Desa Penari (SVOD Window), Mendua, Teluh Darah, Tira",Rp 8M - Rp 25M (Licensing/Original),"Memperkuat katalog lokal premium untuk menjaga loyalitas keluarga dan penonton dewasa di Indonesia setelah film menyelesaikan jendela tayang bioskop."
20,Bioskop Online,Platform TVOD Lokal,"Panduan Mempersiapkan Perpisahan, Ratu Dansa, Selesai, Arini by Love.inc",Rp 500Jt - Rp 3M (TVOD Acquisition),"Menyediakan distribusi digital berbayar per tayang (Pay-Per-View) untuk film alternatif, festival, dan arthouse yang tidak mendapatkan layar panjang di bioskop fisik."
21,MAXstream (Telkomsel),Platform OTT Telkom BUMN,"Primbon, Merindu Cahaya de Amstel, Kau & Dia Series",Rp 1M - Rp 6M per proyek,"Menjual kuota data streaming Telkomsel melalui bundling paket langganan konten hiburan digital orisinal."
22,Catchplay+ Indonesia,Platform OTT Hibrida SVOD/TVOD,"Losmen Melati, The Informant, Akuisisi Box Office Lokal",Rp 1M - Rp 5M per lisensi,"Melengkapi portofolio film bioskop internasional dengan film lokal terlaris untuk melayani segmen penonton movie-buff premium."
23,Viu Indonesia,Platform OTT Drama Regional,"Bad Boys vs Crazy Girls, Bidadari Bermata Bening, Sunshine",Rp 2M - Rp 8M per proyek,"Menarik penonton perempuan muda penggemar drama romansa Asia dengan format serial adaptasi novel dan film romantis lokal."
24,WeTV Indonesia (Tencent Video),Platform OTT Video Asia,"Layangan Putus (Series & The Movie), Antares, Kupu-Kupu Malam",Rp 3M - Rp 15M per proyek,"Meniru formula kesuksesan drama romansa/perselingkuhan viral untuk mengonversi pengguna gratisan menjadi pelanggan VIP berbayar."
25,iQIYI Indonesia,Platform OTT Streaming Asia,"Misteri Desa Penari Licensing, Co-production Horror",Rp 2M - Rp 7M per proyek,"Memperkaya perpustakaan konten Asia Tenggara untuk bersaing di pasar regional dengan konten misteri dan horor lokal."
26,Vision+ (MNC Group),Platform OTT Domestik,"CinLock: Love, Camera, Action!, Arab Maklum, Teman Tidur",Rp 1M - Rp 5M per proyek,"Mendukung strategi konvergensi media digital MNC Group dan meningkatkan Monthly Active Users (MAU) platform."
27,KlikFilm (Falcon Group),Platform OTT Kurasi Sinema Arthouse,"Penyalin Cahaya, Sampai Jadi Debu, Berhenti di Kamu, Film-film JAFF",Rp 500Jt - Rp 3M per film,"Menjadi rumah bagi film arthouse, pemenang festival internasional, dan produksi orisinal berskala intim untuk komunitas pencinta sinema."
28,Apple TV+ (Global Acquisitions),Platform SVOD Global,"Penjualan Lisensi Global Terpilih",Rp 10M - Rp 30M (Global Rights),"Mencari karya sinematik berkualitas masterpiece dengan nilai estetika tinggi untuk katalog prestisius global."
29,Ideosource Entertainment (Gadjah Tunggal Group),Venture Fund & Media Financing,"Keluarga Cemara, Sobat Ambyar, Gundala, Bebas, Guru-Guru Gokil",Rp 3M - Rp 15M per proyek,"Investasi ekuitas di film berbasis IP keluarga bernilai tinggi dengan monetisasi multi-platform dan hak turunan panggung teater/musikal."
30,Jagartha Capital,Private Asset Management,"Ngeri-Ngeri Sedap, Agak Laen 1 & 2, Jatuh Cinta Seperti di Film-film",Rp 2M - Rp 10M per proyek,"Mendiversifikasi portofolio investasi aset alternatif ke industri kreatif dengan mengincar imbal hasil kas nyata ber-ROI tinggi dari film komedi terukur."
31,East Ventures,Venture Capital Teknologi Terkemuka,"Investasi Ekuitas di IDN Media & Ekosistem Kreatif Visinema",Rp 15M - Rp 50M (Tahap Korporasi),"Mendanai pembangunan infrastruktur teknologi media, studio produksi, dan platform streaming generasi baru di Asia Tenggara."
32,Alpha JWC Ventures,Venture Capital Finansial & Konsumer,"Investasi di Visinema Studios & Pendanaan IP",Rp 15M - Rp 45M (Tahap Korporasi),"Melihat industri IP dan perfilman Indonesia sebagai raksasa ekonomi baru yang siap scale-up dengan model tata kelola modern."
33,Kejora Capital,Venture Capital Regional,"Investasi di Rumah Produksi & Distribusi Konten",Rp 10M - Rp 30M (Korporasi),"Membangun sinergi ekosistem hiburan digital regional yang menghubungkan kreator Indonesia dengan pasar Asia Tenggara."
34,Skystar Capital (Kompas Gramedia Network),Media-Tech Venture Capital,"Investasi di Startup Kreatif & Studio Digital Media",Rp 5M - Rp 20M per tahap,"Mengakselerasi digitalisasi aset Intellectual Property dari grup media Kompas Gramedia ke format audio-visual dan layar lebar."
35,Kolibra Capital,Boutique Film Financing Fund,"Co-financing Film Komersial Terpilih",Rp 2M - Rp 8M per proyek,"Penyertaan modal murni berbasis data historis penonton bioskop untuk mendapatkan dividen kas prioritas dari net producer share."
36,GDP Venture (Djarum Group),Konglomerasi Digital Investment,"Kaskus Original IP, Inisiatif Ekosistem Visinema & Narasi",Rp 10M - Rp 40M (Ekosistem),"Memanfaatkan Intellectual Property lokal untuk memperkuat posisi ekosistem digital Djarum Group di mata generasi muda."
37,Saratoga Investama Sedaya (Family Office / Private Equity),"Investasi Hiburan & Lifestyle Terpilih","Sponsorship & Ekuitas Media",Rp 10M - Rp 30M,"Mencari peluang diversifikasi aset non-komoditas ke sektor konsumer, gaya hidup, dan industri hiburan bernilai tambah tinggi."
38,Triputra Group Family Office,Konglomerasi Agribisnis & Manufaktur,"Co-investment Film Keluarga & Edukasi",Rp 2M - Rp 10M per proyek,"Mendukung karya seni yang membawa pesan moral persatuan keluarga, integritas, dan filantropi sosial tanpa mengabaikan aspek kelayakan bisnis."
39,Triweka Capital,Media & IP Private Equity,"Co-financing Film Drama Komersial",Rp 1M - Rp 5M per proyek,"Model sindikasi pembiayaan film independen dengan pengembalian pokok modal dipercepat di jendela penayangan pertama bioskop."
40,Sinar Mas Media Fund,Konglomerasi Keuangan & Telekomunikasi,"Co-financing Proyek Film Layar Lebar & Smartfren OTT",Rp 3M - Rp 12M per proyek,"Menciptakan konten promosi nilai korporasi dan pasokan konten untuk kanal distribusi telekomunikasi Smartfren."
41,Salim Group (Indomaret / Indofood Investment),"Sponsor & Co-financier Box Office","Promosi Terintegrasi di 50+ Film Layar Lebar",Rp 1M - Rp 7M per proyek,"Sinergi penempatan produk makanan/minuman instan dan distribusi tiket promo film melalui jaringan puluhan ribu gerai Indomaret."
42,Lippo Group (First Media / BeritaSatu),Konglomerasi Media & Properti,"Sinergi Jaringan Bioskop Cinemaxx/Cinepolis",Rp 3M - Rp 10M,"Mendorong okupansi dan penjualan tiket di jaringan bioskop Cinepolis serta mengisi slot siaran TV kabel First Media."
43,Bakrie Media Fund,Konglomerasi Penyiaran & Energi,"Co-financing Film Layar Lebar ANTV / VIVA",Rp 2M - Rp 8M,"Mendapatkan hak penayangan pertama di televisi nasional (FTA TV) setelah film selesai tayang di bioskop."
44,Barito Pacific Family Office,Konglomerasi Petrokimia & Energi Hijau,"Dukungan Finansial Budaya & Film Terpilih",Rp 2M - Rp 8M,"Penyaluran modal ventura strategis pada proyek film yang mempromosikan keindahan alam nusantara dan kesadaran lingkungan."
45,Aria Entertainment Fund,Sindikasi Investor Swasta Film,"Co-financing Horor Komersial",Rp 1M - Rp 4M per proyek,"Mengejar dividen likuid jangka pendek (6-9 bulan) dari film horor beranggaran hemat dengan jaminan tanggal rilis bioskop."
46,Bizhare (PT Investasi Digital Nusantara),Platform Equity Crowdfunding Berizin OJK,"Mencuri Raden Saleh, Primbon, Sukmailang, Mantra Surugana",Rp 1M - Rp 4M per proyek (Urun Dana),"Mendemokratisasi investasi film sehingga ribuan investor ritel dapat memiliki saham proyek film dan menerima dividen proporsional dari tiket bioskop."
47,Santara (PT Santara Daya Inspiratama),Platform Urun Dana Saham UKM/Kreatif,"Film Komersial & Dokumenter Terpilih",Rp 1M - Rp 3.5M per proyek,"Menjembatani komunitas investor ritel daerah untuk mendanai produksi kreatif lokal dengan sistem bagi hasil berbasis omzet tiket."
48,LandX (PT Nummus Bersama Indonesia),Platform Securities Crowdfunding,"Co-financing Proyek Hiburan & F&B Bioskop",Rp 1M - Rp 5M per kampanye,"Memberikan akses likuiditas pembiayaan modal kerja produksi film melalui penerbitan efek saham kolektif berizin regulator."
49,Danasaham Fintek,Sindikasi FinTech Investasi Kreatif,"Pendanaan P&A (Promosi & Pemasaran Film)",Rp 500Jt - Rp 2M per proyek,"Menyediakan bridging loan atau equity pendanaan khusus kampanye promosi dan peluncuran trailer film menjelang penayangan bioskop."
50,CrowdDana (PT Dana Saham Bersama),Securities Crowdfunding Berizin OJK,"Co-financing Proyek Kreatif Terpilih",Rp 1M - Rp 3M per proyek,"Membuka partisipasi publik untuk ikut membiayai film karya sutradara papan atas dengan transparansi pelaporan audit berkala."
51,Komunal Fintek,FinTech Modal Kerja Kreatif,"Pembiayaan Arus Kas Pasca-Produksi",Rp 1M - Rp 5M (Invoice Financing),"Menyediakan pembiayaan talangan berbasis kontrak piutang lisensi resmi dari platform OTT global yang menunggu termin pembayaran."
52,Alami Sharia FinTech,P2P Financing Syariah Berizin OJK,"Pembiayaan Produksi Film Religi Beretika",Rp 1M - Rp 6M (Akad Mudharabah),"Menyalurkan pembiayaan modal kerja berbasis prinsip syariah bagi proyek film yang membawa nilai moral positif dan bebas unsur perjudian."
53,Modalku (Funding Asia Group),FinTech Lending UKM & Kreatif,"Talangan Modal Produksi Rumah Produksi",Rp 1M - Rp 7M (Modal Usaha),"Membantu likuiditas rumah produksi independen dalam membiayai kebutuhan sewa alat kamera, artistik, dan honor kru."
54,KoinWorks (KoinP2P / KoinBisnis),FinTech Solusi Bisnis Kreatif,"Pinjaman Modal Usaha Studio Film",Rp 500Jt - Rp 3M per proyek,"Menyediakan akses pinjaman lunak untuk studio film independen dalam fase pengembangan naskah dan produksi awal."
55,Avesha Film Syndicate,Sindikasi Angel Crowdfunding,"Co-financing Film Horor Daerah",Rp 500Jt - Rp 2M per film,"Pengumpulan dana kolektif kelompok pengusaha lokal untuk mendanai film folklor mistis daerah dengan target balik modal cepat."
56,Indofood (Indomie / Pop Mie / Chitato),Konglomerasi FMCG Terbesar,"Product Placement di Agak Laen, Warkop DKI Reborn, Dilan, Miracle in Cell No. 7",Rp 500Jt - Rp 3M per film,"Memperkuat loyalitas brand di kalangan anak muda dan keluarga dengan mengintegrasikan produk secara alami ke adegan emosional/komedi film."
57,PT Bank Central Asia Tbk (BCA),Perbankan Swasta Terbesar,"Sponsorship Eksklusif & Tiket Promo Film Layar Lebar",Rp 1M - Rp 4M per film,"Mendorong adopsi transaksi digital mobile banking (myBCA) melalui promosi diskon tiket bioskop dan penempatan brand di film keluarga."
58,PT Bank Rakyat Indonesia Tbk (BRI),Bank BUMN Terbesar,"Sponsor Film Pembangunan & UMKM (Ngeri-Ngeri Sedap, Srimulat)",Rp 1M - Rp 3M per film,"Menyosialisasikan layanan perbankan digital BRImo dan memperkuat citra bank yang dekat dengan denyut kehidupan masyarakat daerah."
59,PT Telekomunikasi Seluler (Telkomsel),Operator Telekomunikasi Terbesar,"Co-branding & Pendanaan Film Bioskop",Rp 1M - Rp 5M per proyek,"Memposisikan Telkomsel sebagai penggerak utama gaya hidup digital generasi muda nusantara serta mempromosikan kuota nonton MAXstream."
60,Paragon Technology (Wardah / Kahf / Make Over),Konglomerasi Kosmetik Nasional,"Sponsor Utama Film Religi & Drama (Air Mata di Ujung Sajadah, 172 Days)",Rp 1M - Rp 4M per film,"Membangun asosiasi merek Wardah/Kahf dengan nilai-nilai kebaikan, kecantikan halal, dan perjuangan hidup positif keluarga Indonesia."
61,Scarlett Whitening (Felicya Angelista),Brand Skincare Viral,"Penempatan Brand di Film Horor & Drama Remaja",Rp 500Jt - Rp 2.5M per film,"Memanfaatkan jangkauan eksposur layar bioskop untuk mengonversi penonton muda menjadi pembeli setia produk perawatan kulit."
62,Tokopedia (GoTo Group),Platform E-Commerce Terbesar,"Sponsor Utama Film Nasional & Penjualan Merchandise Eksklusif",Rp 1M - Rp 5M per proyek,"Mendorong transaksi pembelian tiket bioskop nontunai dan penjualan pernak-pernik resmi (official movie merchandise) di aplikasi Tokopedia."
63,Blibli (Djarum Group),Ekosistem E-Commerce & Tiket,"Co-producer & Sponsor Mencuri Raden Saleh, NKCTHI",Rp 2M - Rp 6M per proyek,"Sinergi ekosistem omnichannel ritel dan memperkuat positioning merek Blibli di kalangan generasi urban berdaya beli tinggi."
64,PT Mayora Indah Tbk (Kopiko / Le Minerale / Beng Beng),Konglomerasi Makanan & Minuman,"Product Placement di Film Aksi & Drama Blockbuster",Rp 1M - Rp 3M per film,"Meningkatkan brand top-of-mind produk konsumsi harian di momen santai masyarakat saat menonton film di bioskop."
65,Kopi Kenangan,Jaringan F&B Unicorn,"Brand Integration di Film Romansa & Komedi Urban",Rp 500Jt - Rp 2M per film,"Menghubungkan budaya minum kopi kekinian dengan dinamika percintaan dan persahabatan anak muda urban di kota-kota besar."
66,Traveloka,Unicorn Lifestyle & Travel,"Sponsor Film Petualangan & Liburan (Petualangan Sherina 2)",Rp 1M - Rp 4M per film,"Menginspirasi audiens keluarga untuk merencanakan liburan, pemesanan tiket pesawat, dan hotel setelah melihat lokasi indah di film."
67,Grab Indonesia,Superapp Transportasi & Pengantaran,"Sponsorship & Integrasi Layanan di Film Komedi/Drama",Rp 1M - Rp 3M per film,"Menunjukkan kemudahan penggunaan layanan GrabBike dan GrabFood dalam memecahkan masalah rutinitas sehari-hari tokoh film."
68,Eiger Adventure,Brand Perlengkapan Alam Luar Ruang,"Sponsor Resmi Film Pendakian (Petaka Gunung Gede, Film Petualangan)",Rp 500Jt - Rp 2M per film (Dana + Perlengkapan),"Mempertegas reputasi produk Eiger sebagai perlengkapan gunung paling tangguh dan teruji di medan ekstrem alam Indonesia."
69,Erigo Apparel,Brand Fashion Streetwear Lokal,"Sponsorship Busana Karakter & Penjualan Koleksi Film",Rp 500Jt - Rp 2M per proyek,"Mengembangkan lini fesyen kolaborasi edisi terbatas yang dikenakan para bintang film ternama guna mendongkrak penjualan ritel."
70,Astra International (Auto2000 / Toyota Astra),"Sponsor Kendaraan Resmi (Official Mobility Partner)","Armada Mobil di Film Aksi & Keluarga",Rp 1M - Rp 4M (Dana + Unit Mobil),"Menampilkan keandalan, kenyamanan, dan prestise lini kendaraan terbaru Toyota dalam adegan-adegan penting film layar lebar."
71,PT Pegadaian (Persero),Lembaga Keuangan BUMN,"Sponsor Film Edukasi Finansial & Emas",Rp 500Jt - Rp 2M per film,"Meningkatkan literasi investasi emas dan tabungan masa depan di kalangan generasi muda melalui narasi cerita yang menyentuh."
72,Dua Kelinci (Kacang Dua Kelinci / Sukro),Produsen Makanan Ringan,"Sponsor Makanan Ringan di Film Komedi Komunal",Rp 500Jt - Rp 1.5M per film,"Mengasosiasikan momen kebersamaan dan tawa saat menonton film komedi dengan kenikmatan menyantap camilan kacang."
73,Raffi Ahmad (RANS Entertainment),Media & Entertainment Conglomerate,"Investasi Film Keluarga, Animasi Rafathar, Co-financing Komedi",Rp 5M - Rp 15M per proyek,"Memanfaatkan mega-distribusi media sosial keluarga RANS (puluhan juta pengikut) untuk menggaransi pembukaan penonton di hari pertama."
74,Deddy Corbuzier (D-Venture / PT Dektatama),"Ekosistem Podcast & Media Digital","Investasi Film Aksi, Horor & Kreator Indie",Rp 3M - Rp 10M per proyek,"Mendukung sineas berbakat dengan modal ventura dan menyediakan panggung promosi talkshow eksklusif di podcast CloseTheDoor ber-viewers puluhan juta."
75,Atta Halilintar (AHHA Media Production),Kreator Konten & Pengusaha,"Ashiap Man, Co-financing Film Komersial",Rp 2M - Rp 8M per proyek,"Mengekspansi bisnis dari kreator YouTube ke produser layar lebar serta mempromosikan merek merchandise keluarga besar AHHA."
76,Baim Wong (Tiger Wong Entertainment),Aktor & Entrepreneur Digital,"Lembayung, Semua Akan Baik-Baik Saja",Rp 3M - Rp 10M per proyek,"Transformasi dari figur publik digital menjadi pemilik rumah produksi dan sutradara berdaya tarik komersial kuat di box office."
77,Denny Siregar (Denny Siregar Production - DSP),Kreator Konten & Produser Opini,"Sayap-Sayap Patah, Kupu-Kupu Kertas, Glenn Fredly The Movie",Rp 4M - Rp 12M per proyek,"Mengangkat kisah nyata kepahlawanan nasional, toleransi kebangsaan, dan drama sosial berdampak publik luas dengan pendekatan emosional."
78,Prilly Latuconsina (Sinemaku Pictures / Angel Investor),"Aktris, Produser & Pemilik Studio","Kukira Kau Rumah, Ketika Berhenti di Sini, Temurun",Rp 2M - Rp 7M per proyek,"Memberdayakan sineas muda perempuan, menciptakan film dengan perspektif emosional segar, dan memanfaatkan personal branding aktris berpenonton jutaan."
79,Dian Sastrowardoyo (Rekata Studio / Angel Investor),"Aktris, Sutradara & Produser Arthouse","Penyalin Cahaya, Dini Hari, Proyek Festival",Rp 1M - Rp 5M per proyek,"Mendorong regenerasi sinema Indonesia berkualitas festival dunia dengan mengutamakan standar estetika tinggi dan isu kesetaraan gender."
80,Ernest Prakasa (Co-Founder Imajinari),Sutradara & Produser Eksekutif,"Cek Toko Sebelah Series, Ngeri-Ngeri Sedap, Agak Laen 1 & 2",Rp 2M - Rp 8M per proyek,"Membuktikan bahwa cerita orisinal yang jujur, menghargai kecerdasan penonton, dan mengedepankan hak kreator dapat mencetak laba tertinggi di industri."
81,Manoj Punjabi (MD Entertainment),Mogul Perfilman Terbesar,"Pendanaan Ekuitas Pribadi di Ratusan Film Blockbuster",Rp 15M - Rp 50M per proyek,"Mempertahankan hegemoni mutlak sebagai raja box office Indonesia dan membuktikan bahwa sinema lokal dapat mengalahkan dominasi studio Hollywood."
82,Angga Dwimas Sasongko (Visinema),Sutradara & Entrepreneur Eksekutif,"Pendanaan Pribadi di Mencuri Raden Saleh, 13 Bom di Jakarta, Jumbo",Rp 5M - Rp 20M per proyek,"Membuka batas baru teknologi produksi film aksi dan animasi berbiaya besar di Asia Tenggara dengan model tata kelola perusahaan modern."
83,Ruben Onsu (Media Onsu Perkasa - MOP),Presenter & Pengusaha Kuliner,"Co-financing Film Horor & Komedi Religi",Rp 1M - Rp 4M per proyek,"Mengintegrasikan promosi bisnis kuliner ayam geprek dengan kampanye promosi film layar lebar ke jutaan konsumen setianya."
84,Christian Sugiono & Titi Kamal (Investasi Kreatif),"Pasangan Aktor & Investor Properti/Tech","Co-financing Film Drama & Komedi Falcon/MD",Rp 1M - Rp 4M per proyek,"Menempatkan dana keluarga pada instrumen aset hiburan produktif dengan pengembalian dividen kas yang kompetitif dibandingkan instrumen pasar modal."
85,Luna Maya (Kreator & Entrepreneur Lifestyle),Aktris & Pebisnis Kosmetik NAMA,"Co-financing Film Horor & Romansa",Rp 1M - Rp 3.5M per proyek,"Mendiversifikasi portofolio investasi pribadi ke industri perfilman yang digelutinya dan memperkuat posisi tawar sebagai produser eksekutif."
86,Gading Marten (KUY Media Group),Aktor & Co-Founder Digital Media,"Co-financing Film Drama & Petualangan Anak Muda",Rp 1M - Rp 3M per proyek,"Menghubungkan ekosistem media digital KUY Entertainment dengan rilisan film bioskop yang relevan dengan gaya hidup anak muda."
87,Erick Thohir (Mahaka Media / Angel Investor),Tokoh Bisnis & Olahraga,"Surau dan Silek, Film Kebangsaan & Sejarah Terpilih",Rp 2M - Rp 8M per proyek,"Mendukung karya perfilman yang menanamkan nilai patriotisme kebangsaan, sportivitas, dan diplomasi kebudayaan Indonesia di kancah dunia."
88,Dana Indonesiana (Kemendikbudristek & LPDP),Dana Abadi Kebudayaan Pemerintah RI,"Dukungan Hibah Produksi Film Arthouse & Dokumenter",Rp 500Jt - Rp 2M per proyek (Hibah Murni),"Melestarikan keragaman budaya, sejarah lokal, dan tradisi nusantara melalui karya film berkualitas tanpa beban komersialisasi tiket bioskop."
89,Kemenparekraf RI (Akatara Film Financing Forum),Forum Akselerasi Pembiayaan Film Pemerintah,"Fasilitasi Temu Bisnis Pitching Investor",Fasilitator Akses Modal Rp 500Jt - Rp 10M,"Menghubungkan ratusan rumah produksi independen daerah dengan investor ventura, perbankan, dan jaringan bioskop nasional secara profesional."
90,Perum Produksi Film Negara (PFN - BUMN),BUMN Perfilman Indonesia,"Revitalisasi Co-financing Film Nasional",Rp 2M - Rp 10M per proyek,"Menjalankan penugasan negara dalam menggerakkan ekosistem industri konten kreatif dan menjadi penjamin pembiayaan film nasional."
91,Badan Perfilman Indonesia (BPI),Lembaga Koordinasi Ekosistem Sinema,"Fasilitasi Festival & Paviliun Film Internasional",Dukungan Delegasi & Hibah Promosi,"Membuka akses pasar global bagi produser Indonesia di bursa film dunia seperti Cannes Film Market (Marche du Film) dan Busan Asian Contents Market."
92,Jakarta Film Week (Dinas Kebudayaan DKI Jakarta),Dana Hibah Produksi Film Pemerintah Daerah,"Jakarta Film Fund (JFF)",Rp 50Jt - Rp 150Jt per film pendek,"Menumbuhkan regenerasi sutradara baru dan merekam dinamika ruang sosial Kota Jakarta melalui kompetisi pendanaan film pendek tahunan."
93,Jogja-NETPAC Asian Film Festival (JAFF Market),Pasar Film & Inkubasi Sinema Asia,"JAFF Future Project & Co-production Platform",Fasilitasi Akses Hibah Internasional,"Menjadi episentrum pertemuan sineas independen se-Asia Pasifik untuk mempresentasikan proyek film ke hadapan kurator dan investor global."
94,Kementerian BUMN (Program TJSL BUMN Peduli Seni),Tanggung Jawab Sosial Lingkungan Perusahaan Negara,"Sponsor Film Pahlawan & Sejarah Nasional",Rp 1M - Rp 5M per proyek,"Menanamkan nilai-nilai kepahlawanan, kerja keras, dan persatuan nusantara melalui tontonan layar lebar yang dapat dinikmati seluruh lapisan masyarakat."
95,Astro Shaw (Astro Malaysia Holdings),Konglomerasi Media Bioskop Malaysia,"Co-producer Mencuri Raden Saleh, Qodrat 1 & 2, Dukun",Rp 3M - Rp 12M per proyek,"Memperluas pangsa pasar box office serantau (Nusantara) dengan mendistribusikan film karya sutradara top Indonesia di jaringan bioskop Malaysia, Singapura, dan Brunei."
96,Clover Films (Singapura),Distributor & Co-producer Film Asia,"Distribusi Bioskop Singapura/Malaysia & Co-financing",Rp 1M - Rp 5M per proyek,"Mengamankan hak rilis eksklusif film box office Indonesia di jaringan bioskop internasional Asia Tenggara dan platform penerbangan (in-flight entertainment)."
97,CJ ENM (Korea Selatan),Konglomerasi Hiburan & Bioskop Global (CGV),"Pengabdi Setan 1 & 2, Bebas (Sunny Remake), Keluarga Cemara 2",Rp 5M - Rp 20M per proyek,"Mengembangkan bisnis konten di negara dengan pertumbuhan penonton bioskop tercepat di Asia Tenggara melalui kemitraan lokal strategis."
98,Lionsgate Entertainment (Amerika Serikat),Studio Hollywood & Distributor Global,"Badarawuhi di Desa Penari (Dancing Village: The Curse Begins)",Rp 8M - Rp 25M (Distribusi Global & Co-pro),"Memperkenalkan genre folklor supranatural Indonesia ke penonton bioskop Amerika Utara dan jaringan pasar internasional global."
99,Purin Pictures (Bangkok - Asia Tenggara),Dana Hibah Sinema Independen Regional,"Hibah Produksi & Pasca-produksi Film Terpilih (Autobiography, Nana)",Rp 400Jt - Rp 1M per proyek (Hibah Hibah Bersih),"Mendukung sineas independen Asia Tenggara yang memiliki visi artistik berani untuk mengangkat isu kemanusiaan dan kebebasan berekspresi."
100,Hubert Bals Fund (IFFR Rotterdam - Belanda),Dana Budaya Festival Film Internasional,"Inkubasi Naskah & Pasca-produksi (Yuni, Film-film Sineas Muda)",Rp 300Jt - Rp 800Jt per proyek (Hibah Pengembangan),"Memberikan dana stimulan awal bagi sutradara debutan Asia untuk merampungkan skenario berbobot tinggi sebelum memasuki kompetisi festival kelas dunia."
