rank,producer_name,primary_production_house,total_admissions_estimate_2020_2026,top_blockbuster,film_count,credibility_tier,primary_genre,notable_portfolio
1,Manoj Punjabi,MD Pictures,45600000,KKN di Desa Penari (9.23M),26,AAA,Horor / Drama,"KKN di Desa Penari, Sewu Dino, Ipar adalah Maut, Badarawuhi, Pabrik Gula"
2,Ernest Prakasa,Imajinari,23200000,Agak Laen: Menyala Pantiku (11.0M),6,AAA,Komedi / Drama,"Agak Laen, Agak Laen 2, Ngeri-Ngeri Sedap, Jatuh Cinta Seperti di Film-film"
3,Dipa Andika,Imajinari,23200000,Agak Laen: Menyala Pantiku (11.0M),6,AAA,Komedi / Drama,"Agak Laen, Agak Laen 2, Ngeri-Ngeri Sedap, Kaka Boss"
4,Frederica,Falcon Pictures,22500000,Miracle in Cell No. 7 (5.85M),22,AAA,Drama / Komedi,"Miracle in Cell No. 7, Kang Mak from Pee Mak, Milea: Suara dari Dilan, Buya Hamka"
5,Angga Dwimas Sasongko,Visinema Studios,15200000,Jumbo (10.18M),10,AAA,Animasi / Drama / Aksi,"Jumbo, Mencuri Raden Saleh, 13 Bom di Jakarta, Jalan yang Jauh Jangan Lupa Pulang"
6,Sunil Samtani,Rapi Films,15500000,Pengabdi Setan 2: Communion (6.39M),14,AAA,Horor,"Pengabdi Setan 2, Siksa Kubur, Qodrat, Waktu Maghrib, Sijjin"
7,Anggia Kharisma,Visinema Studios,14800000,Jumbo (10.18M),8,AAA,Keluarga / Drama,"Jumbo, Keluarga Cemara 2, Nanti Kita Cerita Tentang Hari Ini"
8,Gope T. Samtani,Rapi Films,14500000,Pengabdi Setan 2: Communion (6.39M),12,AAA,Horor,"Pengabdi Setan 2, Qodrat, Waktu Maghrib, Kemah Terlarang"
9,Dheeraj Kalwani,Dee Company,13100000,Vina: Sebelum 7 Hari (5.81M),10,AAA,Horor Eksploitasi,"Vina: Sebelum 7 Hari, Siksa Neraka, Khanzab, Mumun"
10,Chand Parwez Servia,Starvision Plus,12800000,172 Days (3.01M),24,AAA,Drama Religi / Komedi,"172 Days, Sekawan Limo, Hati Suhita, Yowis Ben 3, Dua Hati Biru"
11,Tia Hasibuan,Come and See Pictures,12200000,Pengabdi Setan 2: Communion (6.39M),4,AAA,Horor Prestisius,"Pengabdi Setan 2, Siksa Kubur, Perempuan Tanah Jahanam"
12,Toha Essa,Visinema Studios,11900000,Jumbo (10.18M),3,AAA,Animasi / Drama,"Jumbo, Home Sweet Loan"
13,HB Naveen,Falcon Pictures,11800000,Miracle in Cell No. 7 (5.85M),12,AAA,Drama / Komedi,"Miracle in Cell No. 7, Kang Mak from Pee Mak, Pasutri Gaje"
14,Joko Anwar,Come and See Pictures,11400000,Pengabdi Setan 2: Communion (6.39M),5,AAA,Horor / Misteri,"Pengabdi Setan 2, Siksa Kubur, Ratu Ilmu Hitam"
15,Rocky Soraya,Hitmaker Studios,8900000,Suzzanna: Malam Jumat Kliwon (2.18M),7,AA,Horor Supranatural,"Suzzanna: Malam Jumat Kliwon, Panggonan Wingit, Indigo, The Doll 3"
16,Amrit Punjabi,MVP Pictures,8600000,Di Ambang Kematian (3.24M),16,AA,Horor / Komedi,"Di Ambang Kematian, Kereta Berdarah, Mangkujiwo 2, Jin & Jun"
17,Raam Punjabi,MVP Pictures,8600000,Di Ambang Kematian (3.24M),16,AA,Horor / Drama,"Di Ambang Kematian, Kereta Berdarah, Si Manis Jembatan Ancol 2"
18,Agung Saputra,Leo Pictures,8100000,Bila Esok Ibu Tiada (3.56M),4,AA,Drama Keluarga / Horor,"Bila Esok Ibu Tiada, Sosok Ketiga, Thaghut"
19,Tony Ramesh,Leo Pictures,8100000,Bila Esok Ibu Tiada (3.56M),4,AA,Drama Keluarga / Horor,"Bila Esok Ibu Tiada, Sosok Ketiga, Thaghut"
20,Kimo Stamboel,Merah Production,8900000,Sewu Dino (4.88M),4,AA,Horor Gore / Folk,"Sewu Dino, Badarawuhi di Desa Penari, Ratu Ilmu Hitam"
21,Anggy Umbara,Umbara Brothers Film,8400000,Vina: Sebelum 7 Hari (5.81M),5,AA,Horor / Komedi,"Vina: Sebelum 7 Hari, Siksa Neraka, Kromoleo, Mukidi"
22,Fiaz Servia,Starvision Plus,7200000,172 Days (3.01M),10,AA,Drama Religi / Horor,"172 Days, Sekawan Limo, Hati Suhita"
23,Reza Servia,Starvision Plus,6800000,172 Days (3.01M),8,AA,Drama / Horor,"172 Days, Sekawan Limo, Dua Hati Biru"
24,Dhamoo Punjabi,MD Pictures,22000000,KKN di Desa Penari (9.23M),15,AAA,Horor / Drama,"KKN di Desa Penari, Sewu Dino, Ipar adalah Maut"
25,Shania Punjabi,MD Pictures,16000000,KKN di Desa Penari (9.23M),10,AAA,Horor / Drama,"KKN di Desa Penari, Badarawuhi, Laura"
26,Awi Suryadi,MD Pictures,14000000,KKN di Desa Penari (9.23M),4,AA,Horor,"KKN di Desa Penari, Pabrik Gula, Kisah Tanah Jawa"
27,Prilly Latuconsina,Sinemaku Pictures,5200000,Kukira Kau Rumah (2.21M),5,AA,Drama Romantis / Mental Health,"Kukira Kau Rumah, Ketika Berhenti di Sini, Bolehkah Sekali Saja Kumenangis"
28,Umay Shahab,Sinemaku Pictures,5200000,Kukira Kau Rumah (2.21M),5,AA,Drama Romantis / Horor,"Kukira Kau Rumah, Ketika Berhenti di Sini, Temurun"
29,Karan Mahtani,Rapi Films,5100000,Waktu Maghrib (2.40M),5,AA,Horor,"Waktu Maghrib, Sijjin, Menjelang Ajal"
30,Rakhee Punjabi,MVP Pictures,5000000,Di Ambang Kematian (3.24M),8,AA,Horor,"Di Ambang Kematian, Kereta Berdarah"
31,Sunil Soraya,Soraya Intercine Films,4400000,Racun Sangga (0.53M),3,AA,Horor / Romansa,"Racun Sangga, Suzzanna: Bernapas dalam Kubur, Single"
32,Susanti Dewi,IDN Pictures,3900000,Qorin (1.07M),8,AA,Horor / Komedi,"Qorin, Inang, Srimulat, Sleep Call"
33,Winston Utomo,IDN Pictures,3900000,Qorin (1.07M),8,AA,Horor / Drama,"Qorin, Inang, Srimulat, Sleep Call"
34,William Utomo,IDN Pictures,3900000,Qorin (1.07M),8,AA,Horor / Drama,"Qorin, Inang, Srimulat, Sleep Call"
35,Wicky V. Olindo,Screenplay Films,3800000,Gundala (1.69M),6,AA,Aksi Superhero / Komedi,"Gundala, Sri Asih, The Big 4, Mohon Doa Restu"
36,Sukhdev Singh,Screenplay Films,3500000,Gundala (1.69M),5,AA,Aksi / Komedi,"Gundala, Sri Asih, Orang Kaya Baru"
37,Robert Ronny,Paragon Pictures,3600000,Kukira Kau Rumah (2.21M),5,AA,Drama / Horor,"Kukira Kau Rumah, Losmen Bu Broto, Kalian Pantas Mati"
38,Ody Mulya Hidayat,Max Pictures,3500000,Milea: Suara dari Dilan (3.15M),4,AA,Romansa Remaja,"Milea: Suara dari Dilan, Vidkill, Why Do You Love Me"
39,Yoen K.,Max Pictures,3500000,Milea: Suara dari Dilan (3.15M),4,AA,Romansa Remaja,"Milea: Suara dari Dilan, Keluarga Cemara 2"
40,Hanung Bramantyo,Dapur Film,3500000,Trinil: Kembalikan Tubuhku (0.83M),5,AA,Drama Sejarah / Horor,"Trinil, Tuhan, Izinkan Aku Berdosa, Catatan Si Boy"
41,Shanty Harmayn,BASE Entertainment,3200000,Perempuan Tanah Jahanam (1.79M),4,A,Horor / Drama,"Malam Pencabut Nyawa, Gadis Kretek, Petualangan Anak Penangkap Hantu"
42,Tanya Yuson,BASE Entertainment,2800000,Malam Pencabut Nyawa (0.50M),3,A,Horor / Fantasi,"Malam Pencabut Nyawa, Guru-Guru Gokil"
43,Linda Gozali,Magma Entertainment,2500000,Qodrat (1.75M),3,A,Horor Religi Aksi,"Qodrat, Pemukiman Setan"
44,Charles Gozali,Magma Entertainment,2500000,Qodrat (1.75M),3,A,Horor Religi Aksi,"Qodrat, Pemukiman Setan"
45,Mira Lesmana,Miles Films,2800000,Petualangan Sherina 2 (2.41M),2,A,Musikal / Keluarga,"Petualangan Sherina 2, Paranoia"
46,Riri Riza,Miles Films,2800000,Petualangan Sherina 2 (2.41M),2,A,Musikal / Keluarga,"Petualangan Sherina 2, Paranoia"
47,Andi Boediman,Ideosource Entertainment,2400000,Sobat Ambyar (0.90M),5,A,Drama Musik / Horor,"Sobat Ambyar, Losmen Bu Broto, Backstage, Kuasai"
48,Muhammad Zaidy,Palari Films,1800000,Ali & Ratu Ratu Queens,4,A,Drama Festival / Komedi,"Seperti Dendam Rindu Harus Dibayar Tuntas, Kabut Berduri, Ali & Ratu Ratu Queens"
49,Meiske Taurisia,Palari Films,1800000,Ali & Ratu Ratu Queens,4,A,Drama Festival,"Seperti Dendam, Kabut Berduri, Posesif"
50,Ifa Isfansyah,Fourcolours Films,1600000,Losmen Bu Broto (0.55M),4,A,Drama / Art-house,"Kucumbu Tubuh Indahku, Losmen Bu Broto, Gadis Kretek"
