rank,director_name,credibility_tier,total_admissions_2020_2026,film_count,avg_admissions,top_blockbuster,prestasi_dan_penghargaan
1,Awi Suryadi,AAA,21879645,9,2431071,"KKN di Desa Penari (9,233,847 penonton)","Sutradara pemegang rekor penonton bioskop era modern pasca-pandemi (KKN di Desa Penari, 9.23M penonton); Sutradara Horor Box Office nomor 1 MD Pictures."
2,Muhadkly Acho,AAA,20851095,4,5212773,"Agak Laen: Menyala Pantiku (11,000,866 penonton)",Sutradara dengan rata-rata penonton per film tertinggi (>5 Juta); Pencetak dua film terlaris komedi nasional (Agak Laen 1 & 2 menembus 20M+ penonton gabungan).
3,Joko Anwar,AAA,15660487,4,3915121,"Pengabdi Setan 2: Communion (6,391,982 penonton)",Peraih 4x Piala Citra FFI Sutradara/Penulis Terbaik; Rekor 17 Nominasi FFI 2024 (Siksa Kubur); Pelopor rilis IMAX film horor Asia Tenggara (Pengabdi Setan 2).
4,Hanung Bramantyo,AAA,15499108,12,1291592,"Miracle in Cell No. 7 (5,851,595 penonton)","Peraih 2x Piala Citra FFI Sutradara Terbaik; Pencetak adaptasi drama box office nomor 1 Indonesia (Miracle in Cell No. 7, 5.85M penonton)."
5,Hadrah Daeng Ratu,AAA,15387483,13,1183652,"Jangan Buang Ibu (3,351,616 penonton)","Sutradara perempuan paling produktif dan konsisten di box office Indonesia (13 film, >15M penonton kumulatif); Hit konsisten: Sijjin, Pemandi Jenazah, Jangan Buang Ibu."
6,Kimo Stamboel,AAA,14585827,5,2917165,"Sewu Dino (4,886,406 penonton)",Pionir film Indonesia pertama yang didistribusikan di bioskop AS oleh Lionsgate (Badarawuhi); Standar tertinggi efek gore/practical effects (Sewu Dino 4.88M).
7,Azhar Kinoi Lubis,AAA,13044401,13,1003415,"Di Ambang Kematian (3,242,244 penonton)",Sutradara spesialis folklor supranatural dan atmosferik terlaris MVP Pictures; Pencetak hit box office Di Ambang Kematian (3.24M penonton).
8,Ryan Adriandhy,AAA,11582807,2,5791403,"Jumbo (10,182,536 penonton)","Sutradara film animasi lokal pertama dalam sejarah Asia Tenggara yang menembus 10 Juta penonton (Jumbo, 10.18M penonton)."
9,Anggy Umbara,AAA,11577495,12,964791,"Vina: Sebelum 7 Hari (5,815,492 penonton)","Sutradara pemicu perbincangan hukum dan sosial nasional terbesar 2024 (Vina: Sebelum 7 Hari, 5.81M penonton); Ahli visualisasi CGI/adrenalin."
10,Herwin Novianto,AA,9338529,8,1167316,"Kang Mak from Pee Mak (4,580,209 penonton)","Pemenang Piala Citra FFI Sutradara Terbaik 2012; Pencetak box office adaptasi komedi nomor satu 2024 (Kang Mak from Pee Mak, 4.58M penonton)."
11,Guntur Soeharjanto,AA,8115745,10,811574,"Suzzanna: Malam Jumat Kliwon (2,082,569 penonton)","Peraih Sutradara Terpuji FFB; Sutradara box office drama religi & horor legendaris Hitmaker (Suzzanna: Malam Jumat Kliwon, Ayat-Ayat Cinta 2)."
12,Rizal Mantovani,AA,7513951,13,577996,"Sumala (1,436,640 penonton)","Sutradara legendaris waralaba horor Indonesia (Kuntilanak, Sumala, Mumun); Konsisten mencetak box office selama lebih dari dua dekade."
13,Bobby Prasetyo,AA,7333842,9,814871,"Kuasa Gelap (1,467,141 penonton)","Pelopor subgenre horor eksorsisme Katolik pertama Indonesia yang tembus box office (Kuasa Gelap, 1.46M penonton); Spesialis thriller religi."
14,Naya Anindita,AA,7199844,3,2399948,"Tunggu Aku Sukses Nanti (3,005,776 penonton)","Sutradara perempuan pelopor dramedi urban berkarakter segar (Tunggu Aku Sukses Nanti, Berbalas Kejam); Box office 3M penonton."
15,Angga Dwimas Sasongko,AA,6660815,6,1110135,"Mencuri Raden Saleh (2,350,741 penonton)","Peraih Piala Citra FFI Film Terbaik (Cahaya Dari Timur); Pelopor genre heist berteknologi tinggi di Indonesia (Mencuri Raden Saleh, 13 Bom di Jakarta)."
16,Charles Gozali,AA,5693984,5,1138796,"Qodrat 2 (2,214,441 penonton)",Peraih Piala Citra FFI 2023 Kategori Penulis Skenario Asli Terbaik & Sutradara Terpuji FFB; Pelopor subgenre horor laga religi (Qodrat 1 & 2).
17,Bayu Skak,AA,5367108,5,1073421,"Sekawan Limo (2,430,228 penonton)","Pelopor dan pemegang rekor penonton bioskop tertinggi film berbahasa daerah di Indonesia (Sekawan Limo 2.43M, waralaba Yowis Ben)."
18,Umay Shahab,AA,5197954,3,1732651,"Kukira Kau Rumah (2,219,265 penonton)",Sutradara termuda Indonesia peraih rekor box office >2 Juta penonton (Kukira Kau Rumah 2.21M penonton di usia 21 tahun; Rekor MURI).
19,Jeropoint,AA,5083048,4,1270762,"Jalan Pulang (2,808,689 penonton)",Sutradara dan kreator independen dengan basis pengikut horor digital masif (Jalan Pulang 2.80M penonton).
20,Yandy Laurens,AA,4967713,3,1655904,"Sore: Istri Dari Masa Depan (3,082,079 penonton)",Peraih Piala Citra FFI 2024 Sutradara Terbaik & Skenario Terbaik (Jatuh Cinta Seperti di Film-film - 7 Piala Citra FFI); Sore: Istri Dari Masa Depan (3.08M).
21,Sidharta Tata,AA,4061385,6,676897,"Waktu Maghrib (2,409,112 penonton)",Pemenang Sutradara Pendatang Baru Terbaik; Pencetak box office horor debut fenomenal Waktu Maghrib (2.40M penonton); Ali Topan.
22,Kuntz Agus,AA,3999597,6,666599,"Ayah, Ini Arahnya ke Mana, Ya? (1,667,159 penonton)","Peraih nominasi FFI Sutradara Terbaik; Spesialis drama keluarga dan emosional (Ayah, Ini Arahnya ke Mana, Ya?)."
23,Key Mangunsong,AA,3977398,6,662899,"Air Mata di Ujung Sajadah (3,127,671 penonton)",Pencetak drama keluarga sleeper-hit box office Air Mata di Ujung Sajadah (3.12M penonton).
24,Benni Setiawan,AA,3874119,6,645686,"Ancika: Dia yang Bersamaku 1995 (1,318,272 penonton)",Peraih 3x Piala Citra FFI (Sutradara Terbaik & Penulis Skenario Terbaik); Sutradara Layangan Putus The Movie & Ancika 1995.
25,Fajar Bustomi,AA,3792104,10,379210,"Buya Hamka Vol. I (1,297,791 penonton)",Pemegang rekor sutradara waralaba terlaris Dilan 1990/1991/Milea (>15M penonton total franchise); Sutradara biopik prestisius Buya Hamka.
26,"Fajar Bustomi, Pidi Baiq",AA,3672676,2,1836338,"Milea: Suara dari Dilan (3,155,933 penonton)","Sutradara aktif dengan 2 film beredar di bioskop nasional; Mencetak total 3,672,676 penonton terverifikasi."
27,Riri Riza,AA,3410101,3,1136700,"Petualangan Sherina 2 (2,413,933 penonton)",Peraih 2x Piala Citra FFI Sutradara Terbaik; Pencetak box office musikal keluarga terbesar Indonesia (Petualangan Sherina 1 & 2).
28,Dinna Jasanti,AA,3045185,5,609037,"Sampai Titik Terakhirmu (1,555,652 penonton)",Sutradara drama romantis dengan sensitivitas visual tinggi (Sampai Titik Terakhirmu 1.55M penonton; Dua Hati Biru).
29,Baim Wong,AA,3021786,3,1007262,"Semua Akan Baik-Baik Saja (1,168,135 penonton)","Aktor yang bertransformasi menjadi sutradara box office debut (Lembayung 1.6M penonton, Semua Akan Baik-Baik Saja)."
30,Rudi Soedjarwo,A,2996976,4,749244,"Sayap-Sayap Patah (2,426,084 penonton)","Legenda perfilman nasional (Ada Apa dengan Cinta?, Mengejar Matahari); Pencetak box office drama aksi Sayap-Sayap Patah (2.42M penonton)."
31,Fajar Nugros,A,2899463,8,362432,"Inang (828,168 penonton)","Head of IDN Pictures; Sutradara adaptasi komedi legendaris Srimulat: Hil yang Mustahal, Inang (Festival Bucheon), Balada Si Roy."
32,Bene Dion Rajagukguk,A,2886121,1,2886121,"Ngeri-Ngeri Sedap (2,886,121 penonton)","Sutradara Ngeri-Ngeri Sedap (2.88M penonton, perwakilan resmi Indonesia ke Academy Awards / Oscar ke-95); Penulis Skenario Terpuji FFB."
33,Rocky Soraya,A,2779308,2,1389654,"The Doll 3 (1,764,077 penonton)","Sutradara aktif dengan 2 film beredar di bioskop nasional; Mencetak total 2,779,308 penonton terverifikasi."
34,Johansyah Jumberan,A,2703155,3,901051,"Saranjana: Kota Ghaib (1,248,360 penonton)","Sutradara aktif dengan 3 film beredar di bioskop nasional; Mencetak total 2,703,155 penonton terverifikasi."
35,Indra Gunawan,A,2507632,11,227966,"Petaka Gunung Welirang (732,931 penonton)","Sutradara aktif dengan 11 film beredar di bioskop nasional; Mencetak total 2,507,632 penonton terverifikasi."
36,Ginanti Rona,A,2432536,5,486507,"Qorin (1,320,600 penonton)","Sutradara aktif dengan 5 film beredar di bioskop nasional; Mencetak total 2,432,536 penonton terverifikasi."
37,Monty Tiwa,A,2338345,7,334049,"Keramat 2: Caruban Larang (918,099 penonton)","Sutradara dan penulis skenario produktif (Keramat 1 & 2, Gita Cinta dari SMA, Layla Majnun); Pelopor mockumentary horror Indonesia."
38,Dedy Mercy,A,1910885,4,477721,"Sosok Ketiga (1,162,291 penonton)","Sutradara aktif dengan 4 film beredar di bioskop nasional; Mencetak total 1,910,885 penonton terverifikasi."
39,Rahabi Mandra,A,1814300,3,604766,"Believe: The Ultimate Battle (1,038,688 penonton)","Sutradara aktif dengan 3 film beredar di bioskop nasional; Mencetak total 1,814,300 penonton terverifikasi."
40,Sabrina Rochelle Kalangie,A,1766861,2,883430,"Home Sweet Loan (1,650,000 penonton)",Peraih Sutradara Pendatang Baru Terbaik Piala Maya (Terlalu Tampan); Sutradara Noktah Merah Perkawinan (Nominasi FFI).
41,Rako Prijanto,A,1576656,7,225236,"TemanTapiMenikah2 (819,879 penonton)","Sutradara aktif dengan 7 film beredar di bioskop nasional; Mencetak total 1,576,656 penonton terverifikasi."
42,Adhe Dharmastriya,A,1492613,4,373153,"Almarhum (726,121 penonton)","Sutradara aktif dengan 4 film beredar di bioskop nasional; Mencetak total 1,492,613 penonton terverifikasi."
43,Etienne Caesar,A,1284200,2,642100,"Tiba-Tiba Setan (1,223,717 penonton)","Sutradara aktif dengan 2 film beredar di bioskop nasional; Mencetak total 1,284,200 penonton terverifikasi."
44,Teddy Soeriaatmadja,A,1186658,3,395552,"The Architecture of Love (1,003,999 penonton)","Peraih nominasi FFI Sutradara Terbaik; Sutradara The Architecture of Love (TAOL 1.0M penonton), Berbalas Kejam, Affliction."
45,Rano Karno,A,1155859,1,1155859,"Akhir Kisah Cinta Si Doel (1,155,859 penonton)","Sutradara aktif dengan 1 film beredar di bioskop nasional; Mencetak total 1,155,859 penonton terverifikasi."
46,Helfi Kardit,A,1097207,4,274301,"Menjelang Magrib (556,193 penonton)","Sutradara aktif dengan 4 film beredar di bioskop nasional; Mencetak total 1,097,207 penonton terverifikasi."
47,Reka Wijaya,A,1073186,4,268296,"Bolehkah Sekali Saja Kumenangis (1,000,000 penonton)","Sutradara aktif dengan 4 film beredar di bioskop nasional; Mencetak total 1,073,186 penonton terverifikasi."
48,Ernest Prakasa,A,1043302,2,521651,"Cek Toko Sebelah 2 (870,285 penonton)","Peraih 3x Piala Citra FFI Penulis Skenario Terbaik; Sutradara Cek Toko Sebelah, Imperfect (2.18M), Susah Sinyal."
49,Bambang Drias,A,985950,5,197190,"Paku Tanah Jawa (444,291 penonton)","Sutradara aktif dengan 5 film beredar di bioskop nasional; Mencetak total 985,950 penonton terverifikasi."
50,Hanny R. Saputra,A,974888,5,194977,"Sengkolo: Malam Satu Suro (542,891 penonton)","Sutradara aktif dengan 5 film beredar di bioskop nasional; Mencetak total 974,888 penonton terverifikasi."
