akun,betweenness,komunitas_tersambung,film
user_420746dfe39f,0.03994,10,Catatan Harian Mena…; Danur: The Last Cha…; Indigo: What Do You…; Janur Ireng: Sewu D…; Jurnal Risa by Risa…; Mata Batin; Racun Sangga: Sante…; Suzzanna: Santet Do…; The Doll 3
user_8dfbe436bafd,0.02975,7,Badarawuhi di Desa …; Indigo: What Do You…; Mata Batin; Official Trailer IV…; Perewangan; Suzzanna: Bernapas …; The Doll 3
user_ed49989a3225,0.02559,8,Badarawuhi di Desa …; Danur: The Last Cha…; Jurnal Risa by Risa…; Official Trailer IV…; Suzzanna: Malam Jum…; Suzzanna: Santet Do…
user_bc1cd6f06fbc,0.01873,5,Badarawuhi di Desa …; Catatan Harian Mena…; Indigo: What Do You…; Jurnal Risa by Risa…; Suzzanna: Malam Jum…
user_e83f0d434910,0.01851,5,Ipar Adalah Maut; Official Trailer IV…; Suzzanna: Malam Jum…; Suzzanna: Santet Do…; The Doll 3
user_4b992b83d60d,0.01706,5,Badarawuhi di Desa …; Indigo: What Do You…; Jurnal Risa by Risa…; Racun Sangga: Sante…; Suzzanna: Malam Jum…
user_6138efaa569c,0.01627,6,Janur Ireng: Sewu D…; Official Trailer IV…; Racun Sangga: Sante…; Suzzanna: Malam Jum…; The Doll 3
user_0b3d09c62210,0.01483,7,Danur: The Last Cha…; Ipar Adalah Maut; Janur Ireng: Sewu D…; Perewangan; Suzzanna: Malam Jum…; Suzzanna: Santet Do…
user_ad1d60dd0fe9,0.01475,5,Catatan Harian Mena…; Indigo: What Do You…; Suzzanna: Malam Jum…; Suzzanna: Santet Do…; The Doll 3
user_fa7f96025493,0.0144,5,Indigo: What Do You…; Ivanna; Suzzanna: Bernapas …; Suzzanna: Malam Jum…; The Doll 3
user_3534517d3c66,0.01348,5,Indigo: What Do You…; Ivanna; Perewangan; Suzzanna: Bernapas …; Suzzanna: Malam Jum…
user_21ff3d2bdf5e,0.01316,6,Danur: The Last Cha…; Indigo: What Do You…; Ivanna; Janur Ireng: Sewu D…; Suzzanna: Santet Do…
user_05826126b5a9,0.01012,4,Catatan Harian Mena…; Official Trailer IV…; Suzzanna: Bernapas …; Suzzanna: Malam Jum…
user_60e6a73b3067,0.00994,4,Suzzanna: Bernapas …; Suzzanna: Malam Jum…; Suzzanna: Santet Do…; The Doll 3
user_7879f06378bf,0.00806,4,Janur Ireng: Sewu D…; Official Trailer IV…; Suzzanna: Bernapas …; Suzzanna: Malam Jum…
user_95b062b3182e,0.00804,4,Ipar Adalah Maut; Suzzanna: Bernapas …; Suzzanna: Malam Jum…
user_7779ad396763,0.00764,4,Danur: The Last Cha…; Official Trailer IV…; Suzzanna: Bernapas …; Suzzanna: Santet Do…
user_a9e3afa36b48,0.00751,4,Indigo: What Do You…; Official Trailer IV…; Santet Segoro Pitu; Suzzanna: Malam Jum…
user_3578c5280961,0.00728,3,Jurnal Risa by Risa…; Suzzanna: Bernapas …; Suzzanna: Malam Jum…
user_61a4451c1d83,0.00723,4,Danur: The Last Cha…; Suzzanna: Bernapas …; Suzzanna: Santet Do…; The Doll 3
user_fa743f7f135e,0.00718,4,Indigo: What Do You…; Jurnal Risa by Risa…; Suzzanna: Malam Jum…; Suzzanna: Santet Do…
user_961f3d26d8d0,0.00717,4,Badarawuhi di Desa …; Danur: The Last Cha…; Suzzanna: Bernapas …; Suzzanna: Santet Do…
user_ea9b2015c36d,0.00711,4,Indigo: What Do You…; Racun Sangga: Sante…; Suzzanna: Malam Jum…; Suzzanna: Santet Do…
user_c8f1f024bdec,0.0069,5,Danur: The Last Cha…; Janur Ireng: Sewu D…; Jurnal Risa by Risa…; Official Trailer IV…; Racun Sangga: Sante…
user_c1ecb70e4e2c,0.00668,3,Jurnal Risa by Risa…; Suzzanna: Malam Jum…; The Doll 3
user_3ed32944d987,0.00655,4,Jurnal Risa by Risa…; Perewangan; Suzzanna: Bernapas …
user_dc3397b03bc5,0.00652,2,Indigo: What Do You…; Ipar Adalah Maut
user_cd8f04b2be0b,0.00645,4,Badarawuhi di Desa …; Ivanna; Jurnal Risa by Risa…; Official Trailer IV…
user_195b8068cb8c,0.00639,4,Indigo: What Do You…; Janur Ireng: Sewu D…; Suzzanna: Malam Jum…; Suzzanna: Santet Do…
user_9115bbffaaa9,0.00627,4,Indigo: What Do You…; Ivanna; Suzzanna: Santet Do…
