film,pasangan,resiprositas
SEMUA,2101,0.2075
Badarawuhi di Desa Penari (2024),77,0.2078
Catatan Harian Menantu Sinting (2024),52,0.1154
Danur: The Last Chapter (2026),107,0.243
Indigo: What Do You See? (2023),136,0.2353
Ipar Adalah Maut (2024),98,0.0816
Ivanna (2022),65,0.4615
Janur Ireng: Sewu Dino Prequel (2025/2026),128,0.3281
Jurnal Risa by Risa Saraswati (2024),185,0.2378
Mata Batin (2017),40,0.25
Official Trailer IVANNA (2022) - MD Pictures,98,0.0612
Perewangan (2024),110,0.1636
Racun Sangga: Santet Pemisah Rumah Tangga (2024),65,0.1231
Santet Segoro Pitu (2024),109,0.2018
Siccin 8,5,0.0
Suzzanna: Bernapas dalam Kubur (2018),79,0.1772
Suzzanna: Malam Jumat Kliwon (2023),321,0.2056
Suzzanna: Santet Dosa di Atas Dosa (2026),280,0.1786
The Doll 3 (2022),147,0.2449
