akun,jumlah_film,film
user_420746dfe39f,9,Catatan Harian Me…; Danur: The Last C…; Indigo: What Do Y…; Janur Ireng: Sewu…; Jurnal Risa by Ri…; Mata Batin; Racun Sangga: San…; Suzzanna: Santet …; The Doll 3
user_8dfbe436bafd,7,Badarawuhi di Des…; Indigo: What Do Y…; Mata Batin; Official Trailer …; Perewangan; Suzzanna: Bernapa…; The Doll 3
user_0b3d09c62210,6,Danur: The Last C…; Ipar Adalah Maut; Janur Ireng: Sewu…; Perewangan; Suzzanna: Malam J…; Suzzanna: Santet …
user_ed49989a3225,6,Badarawuhi di Des…; Danur: The Last C…; Jurnal Risa by Ri…; Official Trailer …; Suzzanna: Malam J…; Suzzanna: Santet …
user_bc1cd6f06fbc,5,Badarawuhi di Des…; Catatan Harian Me…; Indigo: What Do Y…; Jurnal Risa by Ri…; Suzzanna: Malam J…
user_3534517d3c66,5,Indigo: What Do Y…; Ivanna; Perewangan; Suzzanna: Bernapa…; Suzzanna: Malam J…
user_c9a0d2374efa,5,Danur: The Last C…; Perewangan; Racun Sangga: San…; Santet Segoro Pitu; Suzzanna: Santet …
user_c8f1f024bdec,5,Danur: The Last C…; Janur Ireng: Sewu…; Jurnal Risa by Ri…; Official Trailer …; Racun Sangga: San…
user_dd616835d271,5,Danur: The Last C…; Janur Ireng: Sewu…; Racun Sangga: San…; Siccin 8; Suzzanna: Santet …
user_21ff3d2bdf5e,5,Danur: The Last C…; Indigo: What Do Y…; Ivanna; Janur Ireng: Sewu…; Suzzanna: Santet …
user_e83f0d434910,5,Ipar Adalah Maut; Official Trailer …; Suzzanna: Malam J…; Suzzanna: Santet …; The Doll 3
user_ad1d60dd0fe9,5,Catatan Harian Me…; Indigo: What Do Y…; Suzzanna: Malam J…; Suzzanna: Santet …; The Doll 3
user_4b992b83d60d,5,Badarawuhi di Des…; Indigo: What Do Y…; Jurnal Risa by Ri…; Racun Sangga: San…; Suzzanna: Malam J…
user_6138efaa569c,5,Janur Ireng: Sewu…; Official Trailer …; Racun Sangga: San…; Suzzanna: Malam J…; The Doll 3
user_fa7f96025493,5,Indigo: What Do Y…; Ivanna; Suzzanna: Bernapa…; Suzzanna: Malam J…; The Doll 3
user_37aef45e0b35,4,Janur Ireng: Sewu…; Jurnal Risa by Ri…; Suzzanna: Malam J…; Suzzanna: Santet …
user_61a4451c1d83,4,Danur: The Last C…; Suzzanna: Bernapa…; Suzzanna: Santet …; The Doll 3
user_6afe95c39f56,4,Danur: The Last C…; Janur Ireng: Sewu…; Jurnal Risa by Ri…; Suzzanna: Santet …
user_7171e5476a89,4,Danur: The Last C…; Ipar Adalah Maut; Janur Ireng: Sewu…; Suzzanna: Santet …
user_7239eaf0452a,4,Danur: The Last C…; Ipar Adalah Maut; Janur Ireng: Sewu…; Suzzanna: Santet …
user_60e6a73b3067,4,Suzzanna: Bernapa…; Suzzanna: Malam J…; Suzzanna: Santet …; The Doll 3
user_a9e3afa36b48,4,Indigo: What Do Y…; Official Trailer …; Santet Segoro Pitu; Suzzanna: Malam J…
user_380b8692b160,4,Catatan Harian Me…; Janur Ireng: Sewu…; Jurnal Risa by Ri…; Suzzanna: Santet …
user_05826126b5a9,4,Catatan Harian Me…; Official Trailer …; Suzzanna: Bernapa…; Suzzanna: Malam J…
user_ea9b2015c36d,4,Indigo: What Do Y…; Racun Sangga: San…; Suzzanna: Malam J…; Suzzanna: Santet …
user_cd8f04b2be0b,4,Badarawuhi di Des…; Ivanna; Jurnal Risa by Ri…; Official Trailer …
user_fa743f7f135e,4,Indigo: What Do Y…; Jurnal Risa by Ri…; Suzzanna: Malam J…; Suzzanna: Santet …
user_961f3d26d8d0,4,Badarawuhi di Des…; Danur: The Last C…; Suzzanna: Bernapa…; Suzzanna: Santet …
user_1425c2917dba,4,Ipar Adalah Maut; Janur Ireng: Sewu…; Perewangan; Suzzanna: Santet …
user_15a2a52d51d5,4,Janur Ireng: Sewu…; Perewangan; Santet Segoro Pitu; Suzzanna: Santet …
user_195b8068cb8c,4,Indigo: What Do Y…; Janur Ireng: Sewu…; Suzzanna: Malam J…; Suzzanna: Santet …
user_7779ad396763,4,Danur: The Last C…; Official Trailer …; Suzzanna: Bernapa…; Suzzanna: Santet …
user_7879f06378bf,4,Janur Ireng: Sewu…; Official Trailer …; Suzzanna: Bernapa…; Suzzanna: Malam J…
user_dcb07e0c60ba,4,Janur Ireng: Sewu…; Santet Segoro Pitu; Suzzanna: Malam J…; Suzzanna: Santet …
user_a05a038126ef,3,Indigo: What Do Y…; Jurnal Risa by Ri…; Suzzanna: Santet …
user_a24fba5d6730,3,Ipar Adalah Maut; Janur Ireng: Sewu…; Santet Segoro Pitu
user_9b7c04654155,3,Catatan Harian Me…; Ipar Adalah Maut; Suzzanna: Santet …
user_aa4727bed7fe,3,Mata Batin; Santet Segoro Pitu; The Doll 3
user_a8cd225d7fb9,3,Racun Sangga: San…; Santet Segoro Pitu; Suzzanna: Santet …
user_a3056745dcf8,3,Ipar Adalah Maut; Official Trailer …; Suzzanna: Malam J…
user_a45ac52b0524,3,Indigo: What Do Y…; Santet Segoro Pitu; The Doll 3
user_c1ecb70e4e2c,3,Jurnal Risa by Ri…; Suzzanna: Malam J…; The Doll 3
user_ad2e519a1dd4,3,Indigo: What Do Y…; Perewangan; Santet Segoro Pitu
user_af6282507adf,3,Indigo: What Do Y…; Mata Batin; Suzzanna: Malam J…
user_f95de7965d32,3,Danur: The Last C…; Janur Ireng: Sewu…; Suzzanna: Santet …
user_f71942144a35,3,Badarawuhi di Des…; Official Trailer …; The Doll 3
user_ed85f27630b1,3,Danur: The Last C…; Indigo: What Do Y…; Jurnal Risa by Ri…
user_e0a6ca00f28f,3,Janur Ireng: Sewu…; Jurnal Risa by Ri…; Mata Batin
user_df3c07121cfb,3,Janur Ireng: Sewu…; Official Trailer …; Santet Segoro Pitu
user_de4e3e61c73f,3,Danur: The Last C…; Janur Ireng: Sewu…; Suzzanna: Santet …
user_d7da12c9dcfa,3,Ipar Adalah Maut; Suzzanna: Malam J…; Suzzanna: Santet …
user_d29554f808c8,3,Badarawuhi di Des…; Janur Ireng: Sewu…; Official Trailer …
user_ca14e3d4d530,3,Danur: The Last C…; Janur Ireng: Sewu…; Suzzanna: Malam J…
user_c8c3c71fc260,3,Danur: The Last C…; Janur Ireng: Sewu…; Racun Sangga: San…
user_95022f91655d,3,Ivanna; Janur Ireng: Sewu…; The Doll 3
user_bc1daf5ff404,3,Indigo: What Do Y…; Jurnal Risa by Ri…; Santet Segoro Pitu
user_b8e720a5e885,3,Indigo: What Do Y…; Jurnal Risa by Ri…; Suzzanna: Malam J…
user_b4a6c65417bd,3,Janur Ireng: Sewu…; Suzzanna: Malam J…; Suzzanna: Santet …
user_b07b2f142c99,3,Janur Ireng: Sewu…; Suzzanna: Malam J…; Suzzanna: Santet …
user_95b062b3182e,3,Ipar Adalah Maut; Suzzanna: Bernapa…; Suzzanna: Malam J…
user_72fcd77aa215,3,Suzzanna: Malam J…; Suzzanna: Santet …; The Doll 3
user_9115bbffaaa9,3,Indigo: What Do Y…; Ivanna; Suzzanna: Santet …
user_8eb40ad9a3e7,3,Danur: The Last C…; Suzzanna: Malam J…; Suzzanna: Santet …
user_3753950e4a38,3,Danur: The Last C…; Janur Ireng: Sewu…; Suzzanna: Santet …
user_3751df822d89,3,Janur Ireng: Sewu…; Suzzanna: Malam J…; Suzzanna: Santet …
user_3578c5280961,3,Jurnal Risa by Ri…; Suzzanna: Bernapa…; Suzzanna: Malam J…
user_34341597c523,3,Badarawuhi di Des…; Official Trailer …; Suzzanna: Malam J…
user_2ff445027d64,3,Janur Ireng: Sewu…; Jurnal Risa by Ri…; Perewangan
user_2578d624d4e9,3,Santet Segoro Pitu; Suzzanna: Malam J…; Suzzanna: Santet …
user_24ea88be71a5,3,Perewangan; Racun Sangga: San…; Suzzanna: Santet …
user_1ee5cc1140dc,3,Danur: The Last C…; Santet Segoro Pitu; Suzzanna: Santet …
user_1ebd6332406e,3,Badarawuhi di Des…; Jurnal Risa by Ri…; Suzzanna: Malam J…
user_1b1bfe91d2e7,3,Ipar Adalah Maut; Janur Ireng: Sewu…; Suzzanna: Santet …
user_19c52e0d9964,3,Janur Ireng: Sewu…; Suzzanna: Malam J…; Suzzanna: Santet …
user_1048bf1c61c6,3,Suzzanna: Bernapa…; Suzzanna: Malam J…; Suzzanna: Santet …
user_101fc99e2b35,3,Janur Ireng: Sewu…; Jurnal Risa by Ri…; Suzzanna: Santet …
user_0edb4a3ead3e,3,Janur Ireng: Sewu…; Perewangan; Suzzanna: Malam J…
user_0dba4d1e6b04,3,Perewangan; Racun Sangga: San…; Santet Segoro Pitu
user_0c797f599d5d,3,Janur Ireng: Sewu…; Suzzanna: Santet …; The Doll 3
user_0a4e0a833a7c,3,Jurnal Risa by Ri…; Official Trailer …; Suzzanna: Malam J…
user_3846ba7110c4,3,Janur Ireng: Sewu…; Perewangan; Suzzanna: Malam J…
user_38dbdca74e42,3,Danur: The Last C…; Suzzanna: Bernapa…; Suzzanna: Malam J…
user_38fb02642b25,3,Ipar Adalah Maut; Suzzanna: Malam J…; Suzzanna: Santet …
user_5401a2221c46,3,Danur: The Last C…; Santet Segoro Pitu; Suzzanna: Malam J…
user_8bb157d369ed,3,Janur Ireng: Sewu…; Jurnal Risa by Ri…; Suzzanna: Malam J…
user_893454f0c307,3,Janur Ireng: Sewu…; Suzzanna: Malam J…; Suzzanna: Santet …
user_85d450c290eb,3,Danur: The Last C…; Indigo: What Do Y…; Suzzanna: Malam J…
user_7618b6fbc191,3,Ipar Adalah Maut; Suzzanna: Malam J…; Suzzanna: Santet …
user_06fdbbd67398,3,Janur Ireng: Sewu…; Suzzanna: Malam J…; Suzzanna: Santet …
user_5f637082d7a0,3,Danur: The Last C…; Janur Ireng: Sewu…; Suzzanna: Santet …
user_592a5ed63f6d,3,Danur: The Last C…; Indigo: What Do Y…; Official Trailer …
user_523e5d3839a7,3,Catatan Harian Me…; Indigo: What Do Y…; Suzzanna: Malam J…
user_3a24c0f256f7,3,Danur: The Last C…; Janur Ireng: Sewu…; Jurnal Risa by Ri…
user_51b43dd9a9f6,3,Jurnal Risa by Ri…; Perewangan; Suzzanna: Malam J…
user_4f3cd64acec9,3,Danur: The Last C…; Janur Ireng: Sewu…; Suzzanna: Malam J…
user_4f0f1ed9f587,3,Indigo: What Do Y…; Santet Segoro Pitu; Suzzanna: Santet …
user_4caca487d05f,3,Santet Segoro Pitu; Suzzanna: Malam J…; Suzzanna: Santet …
user_4213a5e2b4e8,3,Janur Ireng: Sewu…; Santet Segoro Pitu; The Doll 3
user_3ed32944d987,3,Jurnal Risa by Ri…; Perewangan; Suzzanna: Bernapa…
user_3c6504001698,3,Indigo: What Do Y…; Jurnal Risa by Ri…; Official Trailer …
user_ff78fd50cd7f,3,Suzzanna: Bernapa…; Suzzanna: Malam J…; Suzzanna: Santet …
