pasangan,frekuensi
luna maya,296
film horor,218
nonton film,131
wajib nonton,104
mata batin,101
film horror,94
inn inn,94
pengen nonton,82
nonton bioskop,78
mau nonton,75
sewu dino,75
desa penari,66
film indonesia,61
harus nonton,54
bikin film,51
kkn desa,50
kisah nyata,49
pengabdi setan,49
janur ireng,48
soraya intercine,48
sundel bolong,46
jumat kliwon,43
ilmu hitam,43
bang radit,42
ratu ilmu,41
kak luna,41
malam jumat,40
lebih bagus,39
film bagus,39
horor indonesia,38
film film,36
box office,36
tayang bioskop,35
horor indo,34
main film,34
sabar nonton,34
jurnal risa,34
alur cerita,33
baru nonton,33
danur universe,33
