akun,komentar+balasan_dibuat,film
user_b4de00ca67f7,38,Indigo: What Do Y…
user_a86f2cca6ce7,36,Danur: The Last C…; Janur Ireng: Sewu…; Racun Sangga: San…; Siccin 8; Suzzanna: Santet …
user_4b396e2c580d,30,Badarawuhi di Des…; Danur: The Last C…; Jurnal Risa by Ri…; Official Trailer …; Suzzanna: Malam J…; Suzzanna: Santet …
user_723d47d6bfef,29,Janur Ireng: Sewu…; Suzzanna: Malam J…; Suzzanna: Santet …
user_1f8cdf894e6d,28,Jurnal Risa by Ri…
user_4b7d675cdfe7,26,Ivanna
user_86a771e04616,26,Ipar Adalah Maut
user_96f01fe9863a,20,Indigo: What Do Y…; Suzzanna: Malam J…
user_49885262f32d,18,Mata Batin; The Doll 3
user_ad3f26a7e5f6,17,Catatan Harian Me…; Indigo: What Do Y…; Suzzanna: Malam J…; Suzzanna: Santet …; The Doll 3
user_d618c596781b,16,Catatan Harian Me…; Danur: The Last C…; Indigo: What Do Y…; Janur Ireng: Sewu…; Jurnal Risa by Ri…; Mata Batin; Racun Sangga: San…; Suzzanna: Santet …; The Doll 3
user_e6f7ec505c86,16,Danur: The Last C…; Ipar Adalah Maut; Janur Ireng: Sewu…; Perewangan; Suzzanna: Malam J…; Suzzanna: Santet …
user_341fb238ab85,15,The Doll 3
user_7e8972108e68,15,Suzzanna: Bernapa…; Suzzanna: Malam J…; Suzzanna: Santet …; The Doll 3
user_b8fc3e3d26ac,15,Indigo: What Do Y…; Ivanna; Suzzanna: Bernapa…; Suzzanna: Malam J…; The Doll 3
user_bf78f9042887,14,Suzzanna: Bernapa…; Suzzanna: Malam J…
user_2768e357902b,13,Ivanna; Jurnal Risa by Ri…
user_cce93805c316,13,Danur: The Last C…
user_ec3009f1d650,13,Danur: The Last C…; Suzzanna: Bernapa…
user_698bfcf4f14c,12,Badarawuhi di Des…; Catatan Harian Me…; Indigo: What Do Y…; Jurnal Risa by Ri…; Suzzanna: Malam J…
user_ab3b0a519463,12,Badarawuhi di Des…
user_e2b50a001b4b,12,Suzzanna: Santet …
user_014f386718d1,11,Suzzanna: Malam J…; Suzzanna: Santet …; The Doll 3
user_0a3c7c1474ee,11,Badarawuhi di Des…
user_17861810211f,11,Badarawuhi di Des…
user_c4e5c7b7139e,11,Suzzanna: Malam J…
user_c5ba99efc4aa,11,Danur: The Last C…; Indigo: What Do Y…; Official Trailer …
user_2f6846a4e56f,10,Jurnal Risa by Ri…; Perewangan; Suzzanna: Malam J…
user_af8cced3bc11,10,Janur Ireng: Sewu…; Suzzanna: Malam J…; Suzzanna: Santet …
user_e61db922195d,10,The Doll 3
