akun,betweenness,film
user_4b396e2c580d,0.122528,Badarawuhi di Des…; Danur: The Last C…; Jurnal Risa by Ri…; Official Trailer …; Suzzanna: Malam J…; Suzzanna: Santet …
user_a86f2cca6ce7,0.108003,Danur: The Last C…; Janur Ireng: Sewu…; Racun Sangga: San…; Siccin 8; Suzzanna: Santet …
user_e6f7ec505c86,0.080847,Danur: The Last C…; Ipar Adalah Maut; Janur Ireng: Sewu…; Perewangan; Suzzanna: Malam J…; Suzzanna: Santet …
user_014f386718d1,0.060814,Suzzanna: Malam J…; Suzzanna: Santet …; The Doll 3
user_e248206b734d,0.051692,Santet Segoro Pitu; Suzzanna: Malam J…; Suzzanna: Santet …
user_96f01fe9863a,0.04911,Indigo: What Do Y…; Suzzanna: Malam J…
user_731461325f99,0.044631,Suzzanna: Malam J…; Suzzanna: Santet …
user_d618c596781b,0.04294,Catatan Harian Me…; Danur: The Last C…; Indigo: What Do Y…; Janur Ireng: Sewu…; Jurnal Risa by Ri…; Mata Batin; Racun Sangga: San…; Suzzanna: Santet …; The Doll 3
user_bd6839856bfc,0.041841,Official Trailer …
user_b7f9a44732a1,0.039875,Jurnal Risa by Ri…; Santet Segoro Pitu
user_1f8cdf894e6d,0.039863,Jurnal Risa by Ri…
user_542249629584,0.036879,Indigo: What Do Y…; Official Trailer …; Santet Segoro Pitu; Suzzanna: Malam J…
user_86a771e04616,0.035439,Ipar Adalah Maut
user_a802b31623aa,0.032498,Suzzanna: Santet …
user_714ce3ae63f5,0.029183,Official Trailer …
user_d7e4bf93168e,0.029054,Danur: The Last C…; Janur Ireng: Sewu…; Racun Sangga: San…
user_7246470f6590,0.029005,Perewangan; Racun Sangga: San…; Santet Segoro Pitu
user_7fd04027e02d,0.02891,Santet Segoro Pitu
user_723d47d6bfef,0.027554,Janur Ireng: Sewu…; Suzzanna: Malam J…; Suzzanna: Santet …
user_7d5bb5ae2bc2,0.027377,Jurnal Risa by Ri…; Suzzanna: Malam J…
user_cce93805c316,0.027151,Danur: The Last C…
user_bf78f9042887,0.026535,Suzzanna: Bernapa…; Suzzanna: Malam J…
user_c6ff7e74e44f,0.026496,Suzzanna: Malam J…
user_e9b5e9f8fcac,0.025541,Suzzanna: Santet …
user_8501d77535ac,0.024065,Suzzanna: Santet …
user_d7ae77ed8d8a,0.020898,Suzzanna: Santet …
user_8a7a0e3f26de,0.020658,Perewangan; Santet Segoro Pitu
user_37b83400e254,0.020603,Jurnal Risa by Ri…
user_af8cced3bc11,0.020585,Janur Ireng: Sewu…; Suzzanna: Malam J…; Suzzanna: Santet …
user_082e76c15c09,0.020513,Suzzanna: Santet …; The Doll 3
